dest_port,protocol,fwd_pkt_len_mean,bwd_pkt_len_mean,pkt_len_mean,flow_iat_mean,down_up_ratio,fin_flag,syn_flag,rst_flag,psh_flag,ack_flag
3.1354942159291497,6,4.51085950651685,0.0,4.491276635292316,9.619845564877762,0.0,0,0,0,1,1
3.1354942159291497,6,4.512177319138926,0.0,4.492594158539557,9.468739814351636,0.0,0,0,0,1,1
3.1354942159291497,6,4.526126978647638,0.0,4.506540778145941,9.274636383909595,0.0,0,0,0,1,1
3.1354942159291497,6,4.5134933974161875,0.0,4.493909948203076,9.533428164567814,0.0,0,0,0,1,1
3.1354942159291497,6,4.522657764413627,0.0,4.503072315965081,9.399818742518503,0.0,0,0,0,1,1
3.1354942159291497,6,4.516120369154581,0.0,4.496536344985296,9.413289590833172,0.0,0,0,0,1,1
3.1354942159291497,6,4.530446639792155,0.0,4.51085950651685,9.359351067638977,0.0,0,0,0,1,1
3.1354942159291497,6,4.521353699894981,0.0,4.501768534815598,9.59768903639928,0.0,0,0,0,1,1
3.1354942159291497,6,4.516994495084366,0.0,4.49741027993277,9.502240357648601,0.0,0,0,0,1,1
3.1354942159291497,6,4.537319519079917,0.0,4.5177309099761,9.274593904397747,0.0,0,0,0,1,1
3.1354942159291497,6,4.536891345234797,0.0,4.517302827777782,9.102046674023901,0.0,0,0,0,1,1
3.1354942159291497,6,4.5134933974161875,0.0,4.493909948203076,9.469024066799504,0.0,0,0,0,1,1
3.1354942159291497,6,4.523960130562548,0.0,4.50437439948238,9.379937708782828,0.0,0,0,0,1,1
3.1354942159291497,6,4.512177319138926,0.0,4.492594158539557,9.504836679282183,0.0,0,0,0,1,1
3.1354942159291497,6,4.466827236366346,0.0,4.447254256562277,12.251552986539098,0.0,0,0,0,1,1
3.1354942159291497,6,4.517867857585295,0.0,4.498283451784799,9.356363206174311,0.0,0,0,0,1,1
3.1354942159291497,6,4.514369821661595,0.0,4.4947861804606735,9.60788755665816,0.0,0,0,0,1,1
3.1354942159291497,6,4.614724398792903,0.0,4.59511985013459,9.299006350058725,0.0,0,0,0,1,1
4.394449154672439,6,4.902493135476552,0.0,4.785638174132723,11.06322058456452,0.0,1,1,0,1,1
4.394449154672439,6,5.238893946077236,0.0,5.165194053912854,10.60360951789095,0.0,1,1,0,1,1
4.394449154672439,6,4.204692619390966,0.0,3.5263605246161616,4.61512051684126,0.0,1,0,0,0,1
4.394449154672439,6,4.204692619390966,0.0,3.5263605246161616,4.61512051684126,0.0,1,0,0,0,1
3.1354942159291497,6,4.523092074952484,0.0,4.503506532211591,9.009063425717075,0.0,0,0,0,1,1
6.095824562432225,6,5.848748244906387,0.0,5.800102245661878,10.607112589383261,0.0,1,1,0,1,1
6.095824562432225,6,4.3694478524670215,0.0,3.970291913552122,4.236823298060069,0.0,1,0,0,1,1
6.095824562432225,6,4.007333185232471,0.0,3.332204510175204,4.61512051684126,0.0,0,0,1,0,0
6.095824562432225,6,4.007333185232471,0.0,3.332204510175204,4.61512051684126,0.0,0,0,1,0,0
3.1354942159291497,6,4.522223265167165,0.0,4.502637911092916,9.405951812205151,0.0,0,0,0,1,1
3.1354942159291497,6,4.578004517915322,0.0,4.558407377109129,8.360587605120129,0.0,0,0,0,1,1
3.1354942159291497,6,4.641309232603964,0.0,4.621699487939302,7.772411574559071,0.0,0,0,0,1,1
3.1354942159291497,6,4.582515495423285,0.0,4.56291742985432,8.82806705037544,0.0,0,0,0,1,1
3.1354942159291497,6,4.51830425296643,0.0,4.49871975196624,9.400105525130272,0.0,0,0,0,1,1
3.1354942159291497,6,4.578415448679272,0.0,4.558818223458375,9.180171292656851,0.0,0,0,0,1,1
3.1354942159291497,6,4.508659285607248,0.0,4.489076898373625,9.50727392523665,0.0,0,0,0,1,1
3.1354942159291497,6,4.515245478460105,0.0,4.495661645607418,9.525737580105387,0.0,0,0,0,1,1
3.1354942159291497,6,4.522657764413627,0.0,4.503072315965081,9.297884665869814,0.0,0,0,0,1,1
3.1354942159291497,6,4.517431271680085,0.0,4.497846961162416,9.593564009307899,0.0,0,0,0,1,1
3.1354942159291497,6,4.531738907902208,0.0,4.512151496360652,9.528355217847148,0.0,0,0,0,1,1
3.1354942159291497,6,4.600358628990869,0.0,4.580756946134229,8.833932109688401,0.0,0,0,0,1,1
4.394449154672439,6,4.902493135476552,0.0,4.785638174132723,11.1343527367648,0.0,1,1,0,1,1
4.394449154672439,6,5.238893946077236,0.0,5.165194053912854,10.685107335925144,0.0,1,1,0,1,1
4.394449154672439,6,4.204692619390966,0.0,3.5263605246161616,4.61512051684126,0.0,1,0,0,0,1
4.394449154672439,6,4.204692619390966,0.0,3.5263605246161616,4.61512051684126,0.0,1,0,0,0,1
3.1354942159291497,6,4.468662941333428,0.0,4.449089540399283,12.05832835519268,0.0,0,0,0,1,1
6.095824562432225,6,5.812992713468775,0.0,5.766614995948672,10.577007930285884,0.0,1,1,0,1,1
6.095824562432225,6,4.3694478524670215,0.0,3.970291913552122,4.327362197896516,0.0,1,0,0,1,1
6.095824562432225,6,4.007333185232471,0.0,3.332204510175204,4.61512051684126,0.0,0,0,1,0,0
6.095824562432225,6,4.007333185232471,0.0,3.332204510175204,4.61512051684126,0.0,0,0,1,0,0
6.095824562432225,6,4.110873864173311,0.0,3.713572066704308,4.121919656813852,0.0,0,0,1,0,1
3.1354942159291497,6,4.561845061249718,0.0,4.542251267618283,9.444284575748817,0.0,0,0,0,1,1
3.1354942159291497,6,4.647463098178343,0.0,4.627852170298067,8.396446928028572,0.0,0,0,0,1,1
3.1354942159291497,6,4.609162207257629,0.0,4.58955876331038,10.798938642464,0.0,0,0,0,1,1
3.1354942159291497,6,4.5148077459077,0.0,4.495224008838946,9.482311040367087,0.0,0,0,0,1,1
3.1354942159291497,6,4.51085950651685,0.0,4.491276635292316,9.615015117068864,0.0,0,0,0,1,1
3.1354942159291497,6,4.51085950651685,0.0,4.491276635292316,9.61684467229787,0.0,0,0,0,1,1
3.1354942159291497,6,4.518740457989704,0.0,4.499155861872846,9.21095421399316,0.0,0,0,0,1,1
3.1354942159291497,6,4.5148077459077,0.0,4.495224008838946,9.412605831378174,0.0,0,0,0,1,1
3.1354942159291497,6,4.529584199031496,0.0,4.509997251667135,9.276243466163569,0.0,0,0,0,1,1
3.1354942159291497,6,4.51085950651685,0.0,4.491276635292316,9.617545601851608,0.0,0,0,0,1,1
3.1354942159291497,6,4.51085950651685,0.0,4.491276635292316,9.612063171432847,0.0,0,0,0,1,1
3.1354942159291497,6,4.5134933974161875,0.0,4.493909948203076,11.226615723350122,0.0,0,0,0,1,1
3.1354942159291497,6,4.5148077459077,0.0,4.495224008838946,9.443085324177465,0.0,0,0,0,1,1
3.1354942159291497,6,4.520047932571257,0.0,4.500463051601468,9.593767789266582,0.0,0,0,0,1,1
3.1354942159291497,6,4.505570820765336,0.0,4.485989114711633,9.505848839772842,0.0,0,0,0,1,1
3.1354942159291497,6,4.512177319138926,0.0,4.492594158539557,9.553091165922323,0.0,0,0,0,1,1
3.1354942159291497,6,4.51085950651685,0.0,4.491276635292316,9.653123943031886,0.0,0,0,0,1,1
3.1354942159291497,6,4.521353699894981,0.0,4.501768534815598,9.48805124422785,0.0,0,0,0,1,1
3.1354942159291497,6,4.537319519079917,0.0,4.5177309099761,9.451432054253068,0.0,0,0,0,1,1
3.1354942159291497,6,4.51085950651685,0.0,4.491276635292316,9.61668619667249,0.0,0,0,0,1,1
3.1354942159291497,6,4.441709636835055,0.0,4.422142497588945,12.798939438878946,0.0,0,0,0,1,1
3.1354942159291497,6,4.5269924049240675,0.0,4.5074060172222,9.557718445943571,0.0,0,0,0,1,1
3.1354942159291497,6,4.527857082885421,0.0,4.5082705083069445,9.1281231614082,0.0,0,0,0,1,1
3.1354942159291497,6,4.542017370982823,0.0,4.522427758918037,8.999563175436737,0.0,0,0,0,1,1
3.1354942159291497,6,4.5217885770490405,0.0,4.502203317431142,9.145000807432742,0.0,0,0,0,1,1
3.1354942159291497,6,4.520047932571257,0.0,4.500463051601468,9.552596205857398,0.0,0,0,0,1,1
3.1354942159291497,6,4.5090997172373575,0.0,4.489517233035078,9.45919675948771,0.0,0,0,0,1,1
3.1354942159291497,6,4.518740457989704,0.0,4.499155861872846,9.43543351208504,0.0,0,0,0,1,1
3.1354942159291497,6,4.527424837363238,0.0,4.507838356182674,9.278001282170754,0.0,0,0,0,1,1
3.1354942159291497,6,4.524393875960803,0.0,4.5048080508334944,9.430179410559449,0.0,0,0,0,1,1
3.1354942159291497,6,4.530877581406236,0.0,4.511290355295596,9.30112272462802,0.0,0,0,0,1,1
3.1354942159291497,6,4.5148077459077,0.0,4.495224008838946,9.3974040640401,0.0,0,0,0,1,1
3.1354942159291497,6,4.5148077459077,0.0,4.495224008838946,9.406074145634769,0.0,0,0,0,1,1
3.1354942159291497,6,4.951875598889333,0.0,4.9322143643116645,9.48681296664395,0.0,0,0,0,1,1
3.1354942159291497,6,4.530877581406236,0.0,4.511290355295596,9.497866881562697,0.0,0,0,0,1,1
3.1354942159291497,6,4.53945764262271,0.0,4.519868576459216,9.505915192624485,0.0,0,0,0,1,1
3.1354942159291497,6,4.5424433560797866,0.0,4.522853653302669,9.563176523224799,0.0,0,0,0,1,1
3.1354942159291497,6,4.544995462952021,0.0,4.5254052175192285,9.154800907998315,0.0,0,0,0,1,1
3.1354942159291497,6,4.566013470786897,0.0,4.546418808553337,9.276753153874957,0.0,0,0,0,1,1
3.1354942159291497,6,4.51393170555382,0.0,4.494348160304743,9.383824279120939,0.0,0,0,0,1,1
3.1354942159291497,6,5.070412498132116,0.0,5.050735459533119,9.508368220002772,0.0,0,0,0,1,1
3.1354942159291497,6,5.415744783424001,0.0,5.396031072679696,8.519762629280926,0.0,0,0,0,1,1
3.1354942159291497,6,5.421596382708208,0.0,5.401882153202141,8.833524890567679,0.0,0,0,0,1,1
3.1354942159291497,6,4.548388171889107,0.0,4.528797207203517,9.429779375215519,0.0,0,0,0,1,1
3.1354942159291497,6,4.533029508210409,0.0,4.513441819120323,8.976581183435696,0.0,0,0,0,1,1
3.1354942159291497,6,4.430816798843313,0.0,4.411252238445057,12.547392945594318,0.0,0,0,0,1,1
3.1354942159291497,6,4.525693984486295,0.0,4.506107877706279,9.49604855487827,0.0,0,0,0,1,1
3.1354942159291497,6,4.579647228757006,0.0,4.560049750707622,9.125928303010053,0.0,0,0,0,1,1
3.1354942159291497,6,4.51085950651685,0.0,4.491276635292316,9.59396827861625,0.0,0,0,0,1,1
3.1354942159291497,6,4.540738325828703,0.0,4.521148986365261,9.073663295906544,0.0,0,0,0,1,1
3.1354942159291497,6,4.5134933974161875,0.0,4.493909948203076,9.532631500146712,0.0,0,0,0,1,1
3.1354942159291497,6,4.523092074952484,0.0,4.503506532211591,9.32162315459768,0.0,0,0,0,1,1
3.1354942159291497,6,4.512177319138926,0.0,4.492594158539557,9.527547555658655,0.0,0,0,0,1,1
3.1354942159291497,6,4.527857082885421,0.0,4.5082705083069445,9.492690704508219,0.0,0,0,0,1,1
3.1354942159291497,6,4.51085950651685,0.0,4.491276635292316,9.54182094031654,0.0,0,0,0,1,1
3.1354942159291497,6,4.517431271680085,0.0,4.497846961162416,9.573684199440601,0.0,0,0,0,1,1
3.1354942159291497,6,4.563097409566184,0.0,4.543503354593213,9.50322561948136,0.0,0,0,0,1,1
3.1354942159291497,6,4.535605722602182,0.0,4.516017480557118,9.57160144635045,0.0,0,0,0,1,1
3.1354942159291497,6,4.544570563859162,0.0,4.524980408676816,9.434529639156304,0.0,0,0,0,1,1
3.1354942159291497,6,4.560591142590124,0.0,4.540997610955971,9.508902537206723,0.0,0,0,0,1,1
3.1354942159291497,6,4.51085950651685,0.0,4.491276635292316,9.654833482084547,0.0,0,0,0,1,1
3.1354942159291497,6,4.5134933974161875,0.0,4.493909948203076,9.50375273448896,0.0,0,0,0,1,1
3.1354942159291497,6,4.517431271680085,0.0,4.497846961162416,9.554341017161972,0.0,0,0,0,1,1
3.1354942159291497,6,4.5134933974161875,0.0,4.493909948203076,9.476957081228537,0.0,0,0,0,1,1
3.1354942159291497,6,4.520047932571257,0.0,4.500463051601468,9.577167210843754,0.0,0,0,0,1,1
3.1354942159291497,6,4.51830425296643,0.0,4.49871975196624,9.42760413576885,0.0,0,0,0,1,1
3.1354942159291497,6,4.51085950651685,0.0,4.491276635292316,9.620250110262065,0.0,0,0,0,1,1
3.1354942159291497,6,4.522657764413627,0.0,4.503072315965081,9.385278858211288,0.0,0,0,0,1,1
3.1354942159291497,6,4.522223265167165,0.0,4.502637911092916,9.345670742564556,0.0,0,0,0,1,1
3.1354942159291497,6,4.529152699564175,0.0,4.509565845275629,9.514897707585824,0.0,0,0,0,1,1
3.1354942159291497,6,4.468204330914934,0.0,4.44863103511844,12.671825110048012,0.0,0,0,0,1,1
3.1354942159291497,6,4.536891345234797,0.0,4.517302827777782,9.370490316231189,0.0,0,0,0,1,1
3.1354942159291497,6,4.520047932571257,0.0,4.500463051601468,9.549448056940586,0.0,0,0,0,1,1
3.1354942159291497,6,4.522657764413627,0.0,4.503072315965081,9.326299046200349,0.0,0,0,0,1,1
3.1354942159291497,6,4.521353699894981,0.0,4.501768534815598,9.44092107145329,0.0,0,0,0,1,1
3.1354942159291497,6,4.520483377820898,0.0,4.500898402065461,9.49799385114656,0.0,0,0,0,1,1
3.1354942159291497,6,4.51085950651685,0.0,4.491276635292316,9.654937117067439,0.0,0,0,0,1,1
3.1354942159291497,6,4.51085950651685,0.0,4.491276635292316,9.656137460524342,0.0,0,0,0,1,1
3.1354942159291497,6,4.504244267398131,0.0,4.48466285457028,9.668011923200218,0.0,0,0,0,1,1
4.394449154672439,6,4.110873864173311,0.0,3.713572066704308,4.473524482943406,0.0,0,1,1,0,1
4.394449154672439,6,4.110873864173311,0.0,3.713572066704308,4.470801127468766,0.0,0,1,1,0,1
4.394449154672439,6,4.110873864173311,0.0,3.713572066704308,4.46670213731147,0.0,0,1,1,0,1
4.394449154672439,6,4.110873864173311,0.0,3.713572066704308,4.5494385546054055,0.0,0,1,1,0,1
4.394449154672439,6,4.110873864173311,0.0,3.713572066704308,4.833841764526547,0.0,0,1,1,0,1
4.394449154672439,6,4.110873864173311,0.0,3.713572066704308,4.41038004413924,0.0,0,1,1,0,1
4.394449154672439,6,4.110873864173311,0.0,3.713572066704308,4.560718444224697,0.0,0,1,1,0,1
4.394449154672439,6,4.110873864173311,0.0,3.713572066704308,4.565691175318722,0.0,0,1,1,0,1
4.394449154672439,6,4.110873864173311,0.0,3.713572066704308,4.478949044382546,0.0,0,1,1,0,1
4.394449154672439,6,4.110873864173311,0.0,3.713572066704308,5.220031090070352,0.0,0,1,1,0,1
4.394449154672439,6,4.110873864173311,0.0,3.713572066704308,4.364438459262127,0.0,0,1,1,0,1
4.394449154672439,6,4.110873864173311,0.0,3.713572066704308,4.474883384471455,0.0,0,1,1,0,1
4.394449154672439,6,4.110873864173311,0.0,3.713572066704308,5.131811185846324,0.0,0,1,1,0,1
4.394449154672439,6,4.110873864173311,0.0,3.713572066704308,4.9701684272116715,0.0,0,1,1,0,1
4.394449154672439,6,4.110873864173311,0.0,3.713572066704308,4.461210549430255,0.0,0,1,1,0,1
4.394449154672439,6,4.110873864173311,0.0,3.713572066704308,4.250513032646462,0.0,0,1,1,0,1
4.394449154672439,6,4.110873864173311,0.0,3.713572066704308,4.679278218087054,0.0,0,1,1,0,1
3.1354942159291497,6,4.489534842389167,0.0,4.469956707180584,12.43320173073664,0.0,0,0,0,1,1
4.394449154672439,6,4.110873864173311,0.0,3.713572066704308,4.270702530647508,0.0,0,1,1,0,1
4.394449154672439,6,4.110873864173311,0.0,3.713572066704308,4.722603700391086,0.0,0,1,1,0,1
4.394449154672439,6,4.110873864173311,0.0,3.713572066704308,4.491047777563093,0.0,0,1,1,0,1
4.394449154672439,6,4.110873864173311,0.0,3.713572066704308,5.674266533688889,0.0,0,1,1,0,1
4.394449154672439,6,4.110873864173311,0.0,3.713572066704308,5.225815581999253,0.0,0,1,1,0,1
4.394449154672439,6,4.110873864173311,0.0,3.713572066704308,4.221194957686611,0.0,0,1,1,0,1
4.394449154672439,6,4.110873864173311,0.0,3.713572066704308,5.061076258495868,0.0,0,1,1,0,1
4.394449154672439,6,4.110873864173311,0.0,3.713572066704308,4.9543200843737,0.0,0,1,1,0,1
4.394449154672439,6,4.110873864173311,0.0,3.713572066704308,4.18737720367087,0.0,0,1,1,0,1
4.394449154672439,6,4.110873864173311,0.0,3.713572066704308,5.005134505204172,0.0,0,1,1,0,1
4.394449154672439,6,4.110873864173311,0.0,3.713572066704308,4.933935284562242,0.0,0,1,1,0,1
4.394449154672439,6,4.110873864173311,0.0,3.713572066704308,4.287221221709929,0.0,0,1,1,0,1
4.394449154672439,6,4.110873864173311,0.0,3.713572066704308,5.1068613677443135,0.0,0,1,1,0,1
4.394449154672439,6,4.110873864173311,0.0,3.713572066704308,5.156153633566483,0.0,0,1,1,0,1
4.394449154672439,6,4.110873864173311,0.0,3.713572066704308,4.285581577665232,0.0,0,1,1,0,1
4.394449154672439,6,4.110873864173311,0.0,3.713572066704308,4.838572640881582,0.0,0,1,1,0,1
4.394449154672439,6,4.110873864173311,0.0,3.713572066704308,4.87926668141887,0.0,0,1,1,0,1
4.394449154672439,6,4.110873864173311,0.0,3.713572066704308,4.332072606450385,0.0,0,1,1,0,1
4.394449154672439,6,4.110873864173311,0.0,3.713572066704308,5.258597371059228,0.0,0,1,1,0,1
4.394449154672439,6,4.110873864173311,0.0,3.713572066704308,5.359395950967322,0.0,0,1,1,0,1
4.394449154672439,6,4.110873864173311,0.0,3.713572066704308,4.278995984185234,0.0,0,1,1,0,1
4.394449154672439,6,4.110873864173311,0.0,3.713572066704308,6.206969778175313,0.0,0,1,1,0,1
4.394449154672439,6,4.110873864173311,0.0,3.713572066704308,4.161706024202597,0.0,0,1,1,0,1
4.394449154672439,6,4.110873864173311,0.0,3.713572066704308,4.554467553499834,0.0,0,1,1,0,1
4.394449154672439,6,4.110873864173311,0.0,3.713572066704308,4.491047777563093,0.0,0,1,1,0,1
4.394449154672439,6,4.110873864173311,0.0,3.713572066704308,4.100429779611906,0.0,0,1,1,0,1
4.394449154672439,6,4.110873864173311,0.0,3.713572066704308,4.283939240772024,0.0,0,1,1,0,1
4.394449154672439,6,4.110873864173311,0.0,3.713572066704308,4.292124084698864,0.0,0,1,1,0,1
4.394449154672439,6,4.110873864173311,0.0,3.713572066704308,4.127701260631084,0.0,0,1,1,0,1
4.394449154672439,6,4.110873864173311,0.0,3.713572066704308,4.45707197662219,0.0,0,1,1,0,1
4.394449154672439,6,4.110873864173311,0.0,3.713572066704308,4.8069271193386145,0.0,0,1,1,0,1
4.394449154672439,6,4.110873864173311,0.0,3.713572066704308,4.629346620578736,0.0,0,1,1,0,1
4.394449154672439,6,4.110873864173311,0.0,3.713572066704308,4.2690355541151455,0.0,0,1,1,0,1
4.394449154672439,6,4.110873864173311,0.0,3.713572066704308,4.309898348845445,0.0,0,1,1,0,1
4.394449154672439,6,4.110873864173311,0.0,3.713572066704308,4.094487857415466,0.0,0,1,1,0,1
3.1354942159291497,6,4.524827433305553,0.0,4.505241514212627,12.024358339030075,0.0,0,0,0,1,1
4.394449154672439,6,4.110873864173311,0.0,3.713572066704308,4.306690074440303,0.0,0,1,1,0,1
4.394449154672439,6,4.110873864173311,0.0,3.713572066704308,4.8783599714744055,0.0,0,1,1,0,1
4.394449154672439,6,4.110873864173311,0.0,3.713572066704308,4.876544081483308,0.0,0,1,1,0,1
4.394449154672439,6,4.110873864173311,0.0,3.713572066704308,4.277342786861744,0.0,0,1,1,0,1
4.394449154672439,6,4.110873864173311,0.0,3.713572066704308,4.840458742427569,0.0,0,1,1,0,1
4.394449154672439,6,4.110873864173311,0.0,3.713572066704308,4.891875046962852,0.0,0,1,1,0,1
4.394449154672439,6,4.110873864173311,0.0,3.713572066704308,4.672614404096205,0.0,0,1,1,0,1
4.394449154672439,6,4.110873864173311,0.0,3.713572066704308,5.323430884257309,0.0,0,1,1,0,1
4.394449154672439,6,4.110873864173311,0.0,3.713572066704308,4.863739675826149,0.0,0,1,1,0,1
4.394449154672439,6,4.110873864173311,0.0,3.713572066704308,4.521317682796243,0.0,0,1,1,0,1
4.394449154672439,6,4.110873864173311,0.0,3.713572066704308,6.143237977900938,0.0,0,1,1,0,1
4.394449154672439,6,4.110873864173311,0.0,3.713572066704308,4.127701260631084,0.0,0,1,1,0,1
4.394449154672439,6,4.110873864173311,0.0,3.713572066704308,4.541847315621573,0.0,0,1,1,0,1
4.394449154672439,6,4.110873864173311,0.0,3.713572066704308,4.592607782701685,0.0,0,1,1,0,1
4.394449154672439,6,4.110873864173311,0.0,3.713572066704308,4.062187173003895,0.0,0,1,1,0,1
4.394449154672439,6,4.110873864173311,0.0,3.713572066704308,4.361400737294193,0.0,0,1,1,0,1
4.394449154672439,6,4.110873864173311,0.0,3.713572066704308,4.865578945199678,0.0,0,1,1,0,1
4.394449154672439,6,4.110873864173311,0.0,3.713572066704308,5.865525414980854,0.0,0,1,1,0,1
4.394449154672439,6,4.110873864173311,0.0,3.713572066704308,4.514814767331082,0.0,0,1,1,0,1
4.394449154672439,6,4.110873864173311,0.0,3.713572066704308,5.292139378844871,0.0,0,1,1,0,1
4.394449154672439,6,4.110873864173311,0.0,3.713572066704308,4.8963397841430165,0.0,0,1,1,0,1
4.394449154672439,6,4.110873864173311,0.0,3.713572066704308,4.606989818514716,0.0,0,1,1,0,1
4.394449154672439,6,4.110873864173311,0.0,3.713572066704308,5.378281324031766,0.0,0,1,1,0,1
4.394449154672439,6,4.110873864173311,0.0,3.713572066704308,5.092319766692296,0.0,0,1,1,0,1
4.394449154672439,6,4.110873864173311,0.0,3.713572066704308,4.275686851950466,0.0,0,1,1,0,1
4.394449154672439,6,4.110873864173311,0.0,3.713572066704308,5.007528973007784,0.0,0,1,1,0,1
4.394449154672439,6,4.110873864173311,0.0,3.713572066704308,5.136727310646276,0.0,0,1,1,0,1
4.394449154672439,6,4.110873864173311,0.0,3.713572066704308,4.305082069079521,0.0,0,1,1,0,1
8.98744678941718,17,5.493061443340548,0.0,5.473341117184286,14.489343319227196,0.0,0,0,0,0,0
3.1354942159291497,6,5.15490878325268,0.0,5.135221569425381,12.031486237113045,0.0,0,1,0,1,1
3.1354942159291497,6,5.194511197822448,0.0,5.174819502913092,5.859218360792367,0.0,0,0,0,1,1
3.1354942159291497,6,5.691439951457815,0.0,5.671704816484409,5.795193771923548,0.0,0,0,0,1,1
3.1354942159291497,6,5.045487504863466,0.0,5.025813635695322,5.882551161040652,0.0,0,0,0,1,1
3.1354942159291497,6,4.8346933442663405,0.0,4.815049686845704,5.9622239431755,0.0,0,0,0,1,1
3.1354942159291497,6,4.529584199031496,0.0,4.509997251667135,12.458637136705331,0.0,0,0,0,1,1
3.1354942159291497,6,4.939067682236836,0.0,4.91940827012171,5.874690997686219,0.0,0,0,0,1,1
3.1354942159291497,6,5.619965988563091,0.0,5.600235853927061,5.891259675428643,0.0,0,0,0,1,1
3.1354942159291497,6,5.065880768322234,0.0,5.04620430011283,5.900741811280497,0.0,0,0,0,1,1
3.1354942159291497,6,8.762671064542664,0.0,8.742871566563965,6.28021543179763,0.0,0,0,0,1,1
3.1354942159291497,6,9.208406503256885,0.0,9.188605879830176,6.728262408110905,0.0,0,0,0,1,1
3.1354942159291497,6,9.204141196733362,0.0,9.184340581872016,6.871661271098099,0.0,0,0,0,1,1
3.1354942159291497,6,9.13599175548532,0.0,9.116191282551346,6.60086288669563,0.0,0,0,0,1,1
3.1354942159291497,6,9.135845247965774,0.0,9.116044775347454,6.803776822096059,0.0,0,0,0,1,1
3.1354942159291497,6,9.13612100900335,0.0,9.116320535790935,5.834114993237233,0.0,0,0,0,1,1
3.1354942159291497,6,9.204092897082317,0.0,9.184292282318175,5.748741942936864,0.0,0,0,0,1,1
3.1354942159291497,6,9.06269846406175,0.0,9.0428981549584,5.8555651753330284,0.0,0,0,0,1,1
3.1354942159291497,6,9.204092897082317,0.0,9.184292282318175,5.820997880527445,0.0,0,0,0,1,1
3.1354942159291497,6,9.135845247965774,0.0,9.116044775347454,5.930043050206045,0.0,0,0,0,1,1
3.1354942159291497,6,9.13599175548532,0.0,9.116191282551346,5.880035694768863,0.0,0,0,0,1,1
3.1354942159291497,6,9.135845247965774,0.0,9.116044775347454,5.881753285636158,0.0,0,0,0,1,1
3.1354942159291497,6,9.135845247965774,0.0,9.116044775347454,5.924309732107465,0.0,0,0,0,1,1
3.1354942159291497,6,9.135940049399933,0.0,9.116139576577355,5.90298441152273,0.0,0,0,0,1,1
3.1354942159291497,6,9.13597452042058,0.0,9.116174047523737,5.861135028102884,0.0,0,0,0,1,1
3.1354942159291497,6,9.204141196733362,0.0,9.184340581872016,5.792375629404642,0.0,0,0,0,1,1
3.1354942159291497,6,9.135845247965774,0.0,9.116044775347454,6.071849732468733,0.0,0,0,0,1,1
3.1354942159291497,6,9.135845247965774,0.0,9.116044775347454,5.948704498360616,0.0,0,0,0,1,1
3.1354942159291497,6,9.13612100900335,0.0,9.116320535790935,5.864104714479871,0.0,0,0,0,1,1
3.1354942159291497,6,9.135845247965774,0.0,9.116044775347454,5.8211392358406115,0.0,0,0,0,1,1
3.1354942159291497,6,9.135940049399933,0.0,9.116139576577355,5.799897162522028,0.0,0,0,0,1,1
3.1354942159291497,6,9.135845247965774,0.0,9.116044775347454,5.8742487819731375,0.0,0,0,0,1,1
3.1354942159291497,6,9.204141196733362,0.0,9.184340581872016,5.853993475768412,0.0,0,0,0,1,1
3.1354942159291497,6,9.13582801037576,0.0,9.116027537794583,5.779565304990146,0.0,0,0,0,1,1
3.1354942159291497,6,9.135845247965774,0.0,9.116044775347454,5.852980813507311,0.0,0,0,0,1,1
3.1354942159291497,6,9.204141196733362,0.0,9.184340581872016,5.921948387059267,0.0,0,0,0,1,1
3.1354942159291497,6,9.135845247965774,0.0,9.116044775347454,5.83277467357099,0.0,0,0,0,1,1
3.1354942159291497,6,9.136069309600897,0.0,9.11626883649985,5.765229464271065,0.0,0,0,0,1,1
3.1354942159291497,6,9.13599175548532,0.0,9.116191282551346,5.985901521415093,0.0,0,0,0,1,1
3.1354942159291497,6,9.135845247965774,0.0,9.116044775347454,6.063609752707445,0.0,0,0,0,1,1
3.1354942159291497,6,9.135845247965774,0.0,9.116044775347454,5.89939644723429,0.0,0,0,0,1,1
3.1354942159291497,6,4.570992734186505,0.0,4.551397039120758,9.62524939661392,0.0,0,0,0,1,1
3.1354942159291497,6,9.135940049399933,0.0,9.116139576577355,5.968220506507816,0.0,0,0,0,1,1
3.1354942159291497,6,9.204141196733362,0.0,9.184340581872016,5.746947230579153,0.0,0,0,0,1,1
3.1354942159291497,6,9.135845247965774,0.0,9.116044775347454,5.917504175238687,0.0,0,0,0,1,1
3.1354942159291497,6,9.135845247965774,0.0,9.116044775347454,5.809295307204431,0.0,0,0,0,1,1
3.1354942159291497,6,9.13612100900335,0.0,9.116320535790935,5.872706197253621,0.0,0,0,0,1,1
3.1354942159291497,6,9.204092897082317,0.0,9.184292282318175,5.7496077278758575,0.0,0,0,0,1,1
3.1354942159291497,6,9.13599175548532,0.0,9.116191282551346,5.978284542433429,0.0,0,0,0,1,1
3.1354942159291497,6,9.135845247965774,0.0,9.116044775347454,5.804779702349115,0.0,0,0,0,1,1
3.1354942159291497,6,9.13612100900335,0.0,9.116320535790935,5.840138168032627,0.0,0,0,0,1,1
3.1354942159291497,6,9.135940049399933,0.0,9.116139576577355,5.824244008148509,0.0,0,0,0,1,1
3.1354942159291497,6,9.204141196733362,0.0,9.184340581872016,6.16873098608347,0.0,0,0,0,1,1
3.1354942159291497,6,9.13597452042058,0.0,9.116174047523737,5.841011503714212,0.0,0,0,0,1,1
3.1354942159291497,6,9.204141196733362,0.0,9.184340581872016,5.814559211901288,0.0,0,0,0,1,1
3.1354942159291497,6,9.135845247965774,0.0,9.116044775347454,5.873632033604055,0.0,0,0,0,1,1
3.1354942159291497,6,9.136069309600897,0.0,9.11626883649985,6.107029157759529,0.0,0,0,0,1,1
3.1354942159291497,6,9.204141196733362,0.0,9.184340581872016,5.925112594774353,0.0,0,0,0,1,1
3.1354942159291497,6,9.062642825821573,0.0,9.042842516847207,5.932094470252352,0.0,0,0,0,1,1
3.1354942159291497,6,9.204141196733362,0.0,9.184340581872016,5.85739343628227,0.0,0,0,0,1,1
3.1354942159291497,6,9.13597452042058,0.0,9.116174047523737,6.032187910055319,0.0,0,0,0,1,1
3.1354942159291497,6,9.204141196733362,0.0,9.184340581872016,5.874704395110113,0.0,0,0,0,1,1
3.1354942159291497,6,9.135845247965774,0.0,9.116044775347454,5.974532997263574,0.0,0,0,0,1,1
3.1354942159291497,6,9.136069309600897,0.0,9.11626883649985,5.805167554173069,0.0,0,0,0,1,1
3.1354942159291497,6,9.135845247965774,0.0,9.116044775347454,5.98561378169739,0.0,0,0,0,1,1
3.1354942159291497,6,9.204004341662667,0.0,9.184203727076753,5.849785581535442,0.0,0,0,0,1,1
3.1354942159291497,6,9.13599175548532,0.0,9.116191282551346,5.8535830606035315,0.0,0,0,0,1,1
3.1354942159291497,6,9.135845247965774,0.0,9.116044775347454,5.815426734010865,0.0,0,0,0,1,1
3.1354942159291497,6,9.135922813444004,0.0,9.116122340658562,6.054540529129324,0.0,0,0,0,1,1
3.1354942159291497,6,9.135845247965774,0.0,9.116044775347454,5.824131276067701,0.0,0,0,0,1,1
3.1354942159291497,6,9.135845247965774,0.0,9.116044775347454,5.824849725446217,0.0,0,0,0,1,1
3.1354942159291497,6,9.13612100900335,0.0,9.116320535790935,5.845504730406019,0.0,0,0,0,1,1
3.1354942159291497,6,9.135845247965774,0.0,9.116044775347454,5.947646392248158,0.0,0,0,0,1,1
3.1354942159291497,6,9.135940049399933,0.0,9.116139576577355,5.850705428411703,0.0,0,0,0,1,1
3.1354942159291497,6,9.204004341662667,0.0,9.184203727076753,5.797786991033022,0.0,0,0,0,1,1
3.1354942159291497,6,9.13612100900335,0.0,9.116320535790935,6.012445875400578,0.0,0,0,0,1,1
3.1354942159291497,6,9.204141196733362,0.0,9.184340581872016,5.93497454323721,0.0,0,0,0,1,1
3.1354942159291497,6,4.570992734186505,0.0,4.551397039120758,9.52218282859559,0.0,0,0,0,1,1
3.1354942159291497,6,9.135845247965774,0.0,9.116044775347454,5.944777655425567,0.0,0,0,0,1,1
3.1354942159291497,6,9.13612100900335,0.0,9.116320535790935,5.792971878447032,0.0,0,0,0,1,1
3.1354942159291497,6,9.135793534304307,0.0,9.115993061797415,5.739137820846643,0.0,0,0,0,1,1
3.1354942159291497,6,9.204004341662667,0.0,9.184203727076753,5.864023470598303,0.0,0,0,0,1,1
3.1354942159291497,6,9.135845247965774,0.0,9.116044775347454,5.811281441637195,0.0,0,0,0,1,1
3.1354942159291497,6,9.13599175548532,0.0,9.116191282551346,5.751215793666978,0.0,0,0,0,1,1
3.1354942159291497,6,9.135698718978631,0.0,9.115898246676057,5.8086371556141145,0.0,0,0,0,1,1
3.1354942159291497,6,9.13599175548532,0.0,9.116191282551346,6.002143729347448,0.0,0,0,0,1,1
3.1354942159291497,6,9.135845247965774,0.0,9.116044775347454,5.717784933201383,0.0,0,0,0,1,1
3.1354942159291497,6,9.13612100900335,0.0,9.116320535790935,5.772571464547996,0.0,0,0,0,1,1
3.1354942159291497,6,9.135940049399933,0.0,9.116139576577355,5.8188751495629,0.0,0,0,0,1,1
3.1354942159291497,6,9.204004341662667,0.0,9.184203727076753,5.93057530407219,0.0,0,0,0,1,1
3.1354942159291497,6,9.135940049399933,0.0,9.116139576577355,5.733768925348804,0.0,0,0,0,1,1
3.1354942159291497,6,9.13587110379368,0.0,9.11607063111965,5.754620594972144,0.0,0,0,0,1,1
3.1354942159291497,6,9.204125097108886,0.0,9.18432448227994,5.749091384967799,0.0,0,0,0,1,1
3.1354942159291497,6,9.13599175548532,0.0,9.116191282551346,5.77761845097173,0.0,0,0,0,1,1
3.1354942159291497,6,9.135845247965774,0.0,9.116044775347454,5.740517687264927,0.0,0,0,0,1,1
3.1354942159291497,6,9.13612100900335,0.0,9.116320535790935,5.779182133382374,0.0,0,0,0,1,1
3.1354942159291497,6,9.204092897082317,0.0,9.184292282318175,5.739659327523366,0.0,0,0,0,1,1
3.1354942159291497,6,9.135845247965774,0.0,9.116044775347454,5.739873986541898,0.0,0,0,0,1,1
3.1354942159291497,6,9.135845247965774,0.0,9.116044775347454,5.807190562189602,0.0,0,0,0,1,1
3.1354942159291497,6,9.136069309600897,0.0,9.11626883649985,5.860319873964929,0.0,0,0,0,1,1
3.1354942159291497,6,9.204004341662667,0.0,9.184203727076753,5.739107135512031,0.0,0,0,0,1,1
3.1354942159291497,6,9.13599175548532,0.0,9.116191282551346,5.771547120937624,0.0,0,0,0,1,1
3.1354942159291497,6,9.135845247965774,0.0,9.116044775347454,5.830410778729784,0.0,0,0,0,1,1
3.1354942159291497,6,9.136069309600897,0.0,9.11626883649985,5.738032555167916,0.0,0,0,0,1,1
3.1354942159291497,6,9.204141196733362,0.0,9.184340581872016,5.717690887420279,0.0,0,0,0,1,1
3.1354942159291497,6,9.135845247965774,0.0,9.116044775347454,5.821153370273017,0.0,0,0,0,1,1
3.1354942159291497,6,9.13612100900335,0.0,9.116320535790935,5.837082428248987,0.0,0,0,0,1,1
3.1354942159291497,6,9.135940049399933,0.0,9.116139576577355,5.825666158713513,0.0,0,0,0,1,1
3.1354942159291497,6,9.204141196733362,0.0,9.184340581872016,5.787198065358361,0.0,0,0,0,1,1
3.1354942159291497,6,9.204125097108886,0.0,9.18432448227994,5.731266943896224,0.0,0,0,0,1,1
3.1354942159291497,6,9.13599175548532,0.0,9.116191282551346,5.802060519382369,0.0,0,0,0,1,1
3.1354942159291497,6,9.135845247965774,0.0,9.116044775347454,5.825131329460931,0.0,0,0,0,1,1
3.1354942159291497,6,4.5821062463895395,0.0,4.562508264545829,9.400653220969737,0.0,0,0,0,1,1
3.1354942159291497,6,9.13612100900335,0.0,9.116320535790935,5.799073858230078,0.0,0,0,0,1,1
3.1354942159291497,6,9.204092897082317,0.0,9.184292282318175,5.703769046831673,0.0,0,0,0,1,1
3.1354942159291497,6,9.135845247965774,0.0,9.116044775347454,5.799030507643089,0.0,0,0,0,1,1
3.1354942159291497,6,9.13612100900335,0.0,9.116320535790935,5.787607411824441,0.0,0,0,0,1,1
3.1354942159291497,6,9.135940049399933,0.0,9.116139576577355,5.739122478297036,0.0,0,0,0,1,1
3.1354942159291497,6,9.204141196733362,0.0,9.184340581872016,5.786920199080823,0.0,0,0,0,1,1
3.1354942159291497,6,9.13597452042058,0.0,9.116174047523737,5.835968930971617,0.0,0,0,0,1,1
3.1354942159291497,6,9.204141196733362,0.0,9.184340581872016,5.7650799801,0.0,0,0,0,1,1
3.1354942159291497,6,9.13599175548532,0.0,9.116191282551346,5.737402621452615,0.0,0,0,0,1,1
3.1354942159291497,6,9.135940049399933,0.0,9.116139576577355,5.7737726175286515,0.0,0,0,0,1,1
3.1354942159291497,6,9.13597452042058,0.0,9.116174047523737,5.815298786263777,0.0,0,0,0,1,1
3.1354942159291497,6,9.204141196733362,0.0,9.184340581872016,5.848452361904634,0.0,0,0,0,1,1
3.1354942159291497,6,9.13599175548532,0.0,9.116191282551346,5.722132717505251,0.0,0,0,0,1,1
3.1354942159291497,6,9.135845247965774,0.0,9.116044775347454,5.884569600825754,0.0,0,0,0,1,1
3.1354942159291497,6,9.135940049399933,0.0,9.116139576577355,5.729579982095727,0.0,0,0,0,1,1
3.1354942159291497,6,9.13597452042058,0.0,9.116174047523737,5.858823696728068,0.0,0,0,0,1,1
3.1354942159291497,6,9.204141196733362,0.0,9.184340581872016,5.788118859381898,0.0,0,0,0,1,1
3.1354942159291497,6,9.13599175548532,0.0,9.116191282551346,5.688360153735576,0.0,0,0,0,1,1
3.1354942159291497,6,9.135845247965774,0.0,9.116044775347454,5.891971000000363,0.0,0,0,0,1,1
3.1354942159291497,6,9.13612100900335,0.0,9.116320535790935,5.790439004895256,0.0,0,0,0,1,1
3.1354942159291497,6,9.204092897082317,0.0,9.184292282318175,5.742492181272536,0.0,0,0,0,1,1
3.1354942159291497,6,9.135845247965774,0.0,9.116044775347454,5.754484625267,0.0,0,0,0,1,1
3.1354942159291497,6,9.13599175548532,0.0,9.116191282551346,5.7941778319601145,0.0,0,0,0,1,1
3.1354942159291497,6,9.135845247965774,0.0,9.116044775347454,5.8896243459456645,0.0,0,0,0,1,1
3.1354942159291497,6,9.135940049399933,0.0,9.116139576577355,5.788732251367102,0.0,0,0,0,1,1
3.1354942159291497,6,9.135698718978631,0.0,9.115898246676057,5.799030507643089,0.0,0,0,0,1,1
3.1354942159291497,6,9.13599175548532,0.0,9.116191282551346,5.7377867745863576,0.0,0,0,0,1,1
3.1354942159291497,6,9.135845247965774,0.0,9.116044775347454,5.806115003603464,0.0,0,0,0,1,1
3.1354942159291497,6,9.136069309600897,0.0,9.11626883649985,5.786920199080823,0.0,0,0,0,1,1
3.1354942159291497,6,9.204141196733362,0.0,9.184340581872016,5.727362487385277,0.0,0,0,0,1,1
3.1354942159291497,6,9.135922813444004,0.0,9.116122340658562,5.741712033278,0.0,0,0,0,1,1
3.1354942159291497,6,9.135845247965774,0.0,9.116044775347454,5.782184620847967,0.0,0,0,0,1,1
3.1354942159291497,6,9.13612100900335,0.0,9.116320535790935,5.800286912308642,0.0,0,0,0,1,1
3.1354942159291497,6,9.204092897082317,0.0,9.184292282318175,5.754877376206421,0.0,0,0,0,1,1
3.1354942159291497,6,9.13599175548532,0.0,9.116191282551346,5.692789271556959,0.0,0,0,0,1,1
3.1354942159291497,6,9.135845247965774,0.0,9.116044775347454,5.86509265338086,0.0,0,0,0,1,1
3.1354942159291497,6,9.13612100900335,0.0,9.116320535790935,5.831194700367736,0.0,0,0,0,1,1
3.1354942159291497,6,4.5821062463895395,0.0,4.562508264545829,9.47434841514981,0.0,0,0,0,1,1
3.1354942159291497,6,9.135940049399933,0.0,9.116139576577355,5.919696730747221,0.0,0,0,0,1,1
3.1354942159291497,6,9.204141196733362,0.0,9.184340581872016,5.703323893775362,0.0,0,0,0,1,1
3.1354942159291497,6,9.135845247965774,0.0,9.116044775347454,5.763449151768331,0.0,0,0,0,1,1
3.1354942159291497,6,9.135845247965774,0.0,9.116044775347454,5.788644646972978,0.0,0,0,0,1,1
3.1354942159291497,6,9.13612100900335,0.0,9.116320535790935,5.870865398014856,0.0,0,0,0,1,1
3.1354942159291497,6,9.135940049399933,0.0,9.116139576577355,5.912924076345898,0.0,0,0,0,1,1
3.1354942159291497,6,9.204141196733362,0.0,9.184340581872016,5.84808094307528,0.0,0,0,0,1,1
3.1354942159291497,6,9.135922813444004,0.0,9.116122340658562,5.7426145022236845,0.0,0,0,0,1,1
3.1354942159291497,6,9.204125097108886,0.0,9.18432448227994,5.686388936581107,0.0,0,0,0,1,1
3.1354942159291497,6,9.062800459462773,0.0,9.04300015012299,5.822749275712451,0.0,0,0,0,1,1
3.1354942159291497,6,9.204004341662667,0.0,9.184203727076753,5.824652555441297,0.0,0,0,0,1,1
3.1354942159291497,6,9.13599175548532,0.0,9.116191282551346,5.748483581191318,0.0,0,0,0,1,1
3.1354942159291497,6,9.135845247965774,0.0,9.116044775347454,5.825060935891356,0.0,0,0,0,1,1
3.1354942159291497,6,9.13612100900335,0.0,9.116320535790935,5.803198008601105,0.0,0,0,0,1,1
3.1354942159291497,6,9.135940049399933,0.0,9.116139576577355,5.772363711547188,0.0,0,0,0,1,1
3.1354942159291497,6,9.204004341662667,0.0,9.184203727076753,5.737202803486731,0.0,0,0,0,1,1
3.1354942159291497,6,9.13599175548532,0.0,9.116191282551346,5.706467516199155,0.0,0,0,0,1,1
3.1354942159291497,6,9.135845247965774,0.0,9.116044775347454,5.842506878401056,0.0,0,0,0,1,1
3.1354942159291497,6,9.135940049399933,0.0,9.116139576577355,5.7316534608586975,0.0,0,0,0,1,1
3.1354942159291497,6,9.204125097108886,0.0,9.18432448227994,5.689199165029919,0.0,0,0,0,1,1
3.1354942159291497,6,9.06278191561817,0.0,9.042981606321371,5.9489657404319,0.0,0,0,0,1,1
3.1354942159291497,6,9.135569410863074,0.0,9.115768938839174,5.807362544260688,0.0,0,0,0,1,1
3.1354942159291497,6,9.136069309600897,0.0,9.11626883649985,5.82832198946441,0.0,0,0,0,1,1
3.1354942159291497,6,9.204141196733362,0.0,9.184340581872016,5.800517803484723,0.0,0,0,0,1,1
3.1354942159291497,6,9.135845247965774,0.0,9.116044775347454,5.8053398844874184,0.0,0,0,0,1,1
3.1354942159291497,6,9.136069309600897,0.0,9.11626883649985,5.7143779736183475,0.0,0,0,0,1,1
3.1354942159291497,6,9.204004341662667,0.0,9.184203727076753,5.694876227210146,0.0,0,0,0,1,1
3.1354942159291497,6,9.13599175548532,0.0,9.116191282551346,5.738001835898585,0.0,0,0,0,1,1
3.1354942159291497,6,9.135845247965774,0.0,9.116044775347454,5.761515646206146,0.0,0,0,0,1,1
3.1354942159291497,6,9.13612100900335,0.0,9.116320535790935,5.784269278791444,0.0,0,0,0,1,1
3.1354942159291497,6,9.135845247965774,0.0,9.116044775347454,5.828841089442251,0.0,0,0,0,1,1
3.1354942159291497,6,9.135940049399933,0.0,9.116139576577355,5.778562853547025,0.0,0,0,0,1,1
3.1354942159291497,6,9.135845247965774,0.0,9.116044775347454,5.8250186973709654,0.0,0,0,0,1,1
3.1354942159291497,6,9.135845247965774,0.0,9.116044775347454,5.786817807828406,0.0,0,0,0,1,1
3.1354942159291497,6,9.135845247965774,0.0,9.116044775347454,5.8398885033975105,0.0,0,0,0,1,1
3.1354942159291497,6,4.570992734186505,0.0,4.551397039120758,9.409811815686538,0.0,0,0,0,1,1
3.1354942159291497,6,9.135940049399933,0.0,9.116139576577355,5.861732385775314,0.0,0,0,0,1,1
3.1354942159291497,6,9.204141196733362,0.0,9.184340581872016,5.738692791310268,0.0,0,0,0,1,1
3.1354942159291497,6,9.135845247965774,0.0,9.116044775347454,5.758269754430914,0.0,0,0,0,1,1
3.1354942159291497,6,9.13612100900335,0.0,9.116320535790935,5.783080675423008,0.0,0,0,0,1,1
3.1354942159291497,6,9.135940049399933,0.0,9.116139576577355,5.82218464460042,0.0,0,0,0,1,1
3.1354942159291497,6,9.204141196733362,0.0,9.184340581872016,5.790366126263065,0.0,0,0,0,1,1
3.1354942159291497,6,9.13597452042058,0.0,9.116174047523737,5.801094798298108,0.0,0,0,0,1,1
3.1354942159291497,6,9.13571595879744,0.0,9.115915486457714,5.84123318185544,0.0,0,0,0,1,1
3.1354942159291497,6,9.13582801037576,0.0,9.116027537794583,5.707370669474537,0.0,0,0,0,1,1
3.1354942159291497,6,9.204004341662667,0.0,9.184203727076753,5.74388269997466,0.0,0,0,0,1,1
3.1354942159291497,6,9.13612100900335,0.0,9.116320535790935,5.7675137900936395,0.0,0,0,0,1,1
3.1354942159291497,6,9.204092897082317,0.0,9.184292282318175,5.736156950673598,0.0,0,0,0,1,1
3.1354942159291497,6,9.13599175548532,0.0,9.116191282551346,5.830704821364321,0.0,0,0,0,1,1
3.1354942159291497,6,9.135845247965774,0.0,9.116044775347454,5.823933964341233,0.0,0,0,0,1,1
3.1354942159291497,6,9.204213641836104,0.0,9.184413026828974,5.747951449673657,0.0,0,0,0,1,1
3.1354942159291497,6,9.13599175548532,0.0,9.116191282551346,5.7514431414365275,0.0,0,0,0,1,1
3.1354942159291497,6,9.135845247965774,0.0,9.116044775347454,5.813577008425459,0.0,0,0,0,1,1
3.1354942159291497,6,9.13612100900335,0.0,9.116320535790935,5.79654192616391,0.0,0,0,0,1,1
3.1354942159291497,6,9.135940049399933,0.0,9.116139576577355,5.817641897799758,0.0,0,0,0,1,1
3.1354942159291497,6,9.135922813444004,0.0,9.116122340658562,5.800907311498792,0.0,0,0,0,1,1
3.1354942159291497,6,9.204141196733362,0.0,9.184340581872016,5.799276136124901,0.0,0,0,0,1,1
3.1354942159291497,6,9.13597452042058,0.0,9.116174047523737,5.882497989147948,0.0,0,0,0,1,1
3.1354942159291497,6,9.204141196733362,0.0,9.184340581872016,5.798712545903255,0.0,0,0,0,1,1
3.1354942159291497,6,9.135845247965774,0.0,9.116044775347454,5.856043028779481,0.0,0,0,0,1,1
3.1354942159291497,6,8.984332723047324,0.0,8.964532602918508,6.114372351176691,0.0,0,0,0,1,1
3.1354942159291497,6,9.204141196733362,0.0,9.184340581872016,6.082408947851812,0.0,0,0,0,1,1
3.1354942159291497,6,9.135698718978631,0.0,9.115898246676057,5.924730359608517,0.0,0,0,0,1,1
3.1354942159291497,6,9.13599175548532,0.0,9.116191282551346,5.848287303900236,0.0,0,0,0,1,1
3.1354942159291497,6,9.135845247965774,0.0,9.116044775347454,5.843668403591481,0.0,0,0,0,1,1
3.1354942159291497,6,9.13612100900335,0.0,9.116320535790935,5.784415922021422,0.0,0,0,0,1,1
3.1354942159291497,6,9.135793534304307,0.0,9.115993061797415,5.747723306597537,0.0,0,0,0,1,1
3.1354942159291497,6,9.204141196733362,0.0,9.184340581872016,5.807477182544814,0.0,0,0,0,1,1
3.1354942159291497,6,9.135845247965774,0.0,9.116044775347454,5.7269587776927215,0.0,0,0,0,1,1
3.1354942159291497,6,9.13612100900335,0.0,9.116320535790935,5.787241931924042,0.0,0,0,0,1,1
3.1354942159291497,6,4.5821062463895395,0.0,4.562508264545829,9.41687478052585,0.0,0,0,0,1,1
3.1354942159291497,6,9.204092897082317,0.0,9.184292282318175,5.804089816346797,0.0,0,0,0,1,1
3.1354942159291497,6,9.135845247965774,0.0,9.116044775347454,5.817358176513116,0.0,0,0,0,1,1
3.1354942159291497,6,9.13599175548532,0.0,9.116191282551346,5.781434843708343,0.0,0,0,0,1,1
3.1354942159291497,6,9.135845247965774,0.0,9.116044775347454,5.747069007829618,0.0,0,0,0,1,1
3.1354942159291497,6,9.136069309600897,0.0,9.11626883649985,5.825173563224277,0.0,0,0,0,1,1
3.1354942159291497,6,9.204141196733362,0.0,9.184340581872016,5.805698810620587,0.0,0,0,0,1,1
3.1354942159291497,6,9.13599175548532,0.0,9.116191282551346,5.777913672596982,0.0,0,0,0,1,1
3.1354942159291497,6,9.135940049399933,0.0,9.116139576577355,5.82797109362824,0.0,0,0,0,1,1
3.1354942159291497,6,9.204125097108886,0.0,9.18432448227994,5.689924664753362,0.0,0,0,0,1,1
3.1354942159291497,6,9.13599175548532,0.0,9.116191282551346,5.74336339174117,0.0,0,0,0,1,1
3.1354942159291497,6,9.135698718978631,0.0,9.115898246676057,5.7158866318283055,0.0,0,0,0,1,1
3.1354942159291497,6,9.135922813444004,0.0,9.116122340658562,5.801844394179957,0.0,0,0,0,1,1
3.1354942159291497,6,9.13599175548532,0.0,9.116191282551346,5.734308655555286,0.0,0,0,0,1,1
3.1354942159291497,6,9.135845247965774,0.0,9.116044775347454,5.8410946387760125,0.0,0,0,0,1,1
3.1354942159291497,6,9.13612100900335,0.0,9.116320535790935,5.775179541286491,0.0,0,0,0,1,1
3.1354942159291497,6,9.135845247965774,0.0,9.116044775347454,5.8352305556319,0.0,0,0,0,1,1
3.1354942159291497,6,9.204092897082317,0.0,9.184292282318175,5.792579266612559,0.0,0,0,0,1,1
3.1354942159291497,6,9.13599175548532,0.0,9.116191282551346,5.754741441413636,0.0,0,0,0,1,1
3.1354942159291497,6,9.135845247965774,0.0,9.116044775347454,5.757275849024733,0.0,0,0,0,1,1
3.1354942159291497,6,9.072488803673926,0.0,9.052688471985444,6.156687393523416,0.0,0,0,0,1,1
3.1354942159291497,6,9.195287646016554,0.0,9.17548704905149,5.833109921942996,0.0,0,0,0,1,1
3.1354942159291497,6,9.13599175548532,0.0,9.116191282551346,5.751700739773631,0.0,0,0,0,1,1
3.1354942159291497,6,9.135845247965774,0.0,9.116044775347454,5.780301761060765,0.0,0,0,0,1,1
3.1354942159291497,6,9.136069309600897,0.0,9.11626883649985,5.847406534124548,0.0,0,0,0,1,1
3.1354942159291497,6,9.135845247965774,0.0,9.116044775347454,5.833431096202631,0.0,0,0,0,1,1
3.1354942159291497,6,9.204004341662667,0.0,9.184203727076753,5.84339197232094,0.0,0,0,0,1,1
3.1354942159291497,6,9.136069309600897,0.0,9.11626883649985,5.745073036139621,0.0,0,0,0,1,1
3.1354942159291497,6,9.0630600371869,0.0,9.043259727245506,5.851871182022202,0.0,0,0,0,1,1
3.1354942159291497,6,9.13588403145694,0.0,9.116083558755056,6.291202677811307,0.0,0,0,0,1,1
3.1354942159291497,6,9.13597452042058,0.0,9.116174047523737,5.9815526289462975,0.0,0,0,0,1,1
3.1354942159291497,6,9.135845247965774,0.0,9.116044775347454,5.839028070006216,0.0,0,0,0,1,1
3.1354942159291497,6,9.135845247965774,0.0,9.116044775347454,5.895165713845111,0.0,0,0,0,1,1
3.1354942159291497,6,9.13612100900335,0.0,9.116320535790935,5.875829138417679,0.0,0,0,0,1,1
3.1354942159291497,6,9.204092897082317,0.0,9.184292282318175,5.688489278223693,0.0,0,0,0,1,1
3.1354942159291497,6,9.135845247965774,0.0,9.116044775347454,5.861433751543622,0.0,0,0,0,1,1
3.1354942159291497,6,4.570992734186505,0.0,4.551397039120758,9.460201192672688,0.0,0,0,0,1,1
3.1354942159291497,6,9.136069309600897,0.0,9.11626883649985,5.874087927762297,0.0,0,0,0,1,1
3.1354942159291497,6,9.204213641836104,0.0,9.184413026828974,6.142110694311072,0.0,0,0,0,1,1
3.1354942159291497,6,9.204004341662667,0.0,9.184203727076753,5.754545058529515,0.0,0,0,0,1,1
3.1354942159291497,6,9.13612100900335,0.0,9.116320535790935,5.814303077900415,0.0,0,0,0,1,1
3.1354942159291497,6,9.135940049399933,0.0,9.116139576577355,5.82112510120842,0.0,0,0,0,1,1
3.1354942159291497,6,9.204141196733362,0.0,9.184340581872016,5.783418323732656,0.0,0,0,0,1,1
3.1354942159291497,6,9.13582801037576,0.0,9.116027537794583,5.734015695304097,0.0,0,0,0,1,1
3.1354942159291497,6,9.204141196733362,0.0,9.184340581872016,5.80490900300549,0.0,0,0,0,1,1
3.1354942159291497,6,9.135922813444004,0.0,9.116122340658562,5.717972998233923,0.0,0,0,0,1,1
3.1354942159291497,6,9.204004341662667,0.0,9.184203727076753,5.673840804686395,0.0,0,0,0,1,1
3.1354942159291497,6,9.13599175548532,0.0,9.116191282551346,5.8092237899671275,0.0,0,0,0,1,1
3.1354942159291497,6,9.135845247965774,0.0,9.116044775347454,5.867430043276793,0.0,0,0,0,1,1
3.1354942159291497,6,9.136069309600897,0.0,9.11626883649985,5.796034769559116,0.0,0,0,0,1,1
3.1354942159291497,6,9.204141196733362,0.0,9.184340581872016,5.7658271776003085,0.0,0,0,0,1,1
3.1354942159291497,6,9.135845247965774,0.0,9.116044775347454,5.740303166392915,0.0,0,0,0,1,1
3.1354942159291497,6,9.13612100900335,0.0,9.116320535790935,5.8886867825155305,0.0,0,0,0,1,1
3.1354942159291497,6,9.135940049399933,0.0,9.116139576577355,5.785016934538592,0.0,0,0,0,1,1
3.1354942159291497,6,9.135940049399933,0.0,9.116139576577355,5.812465528530629,0.0,0,0,0,1,1
3.1354942159291497,6,9.204141196733362,0.0,9.184340581872016,5.705595278572578,0.0,0,0,0,1,1
3.1354942159291497,6,9.135845247965774,0.0,9.116044775347454,5.832201697470912,0.0,0,0,0,1,1
3.1354942159291497,6,9.136069309600897,0.0,9.11626883649985,5.7470233430985305,0.0,0,0,0,1,1
3.1354942159291497,6,9.204076796680209,0.0,9.18427618194847,5.728603649786806,0.0,0,0,0,1,1
3.1354942159291497,6,9.13599175548532,0.0,9.116191282551346,5.738247563634426,0.0,0,0,0,1,1
3.1354942159291497,6,9.135845247965774,0.0,9.116044775347454,5.8877615628626705,0.0,0,0,0,1,1
3.1354942159291497,6,9.13612100900335,0.0,9.116320535790935,5.836275266343693,0.0,0,0,0,1,1
3.1354942159291497,6,9.20402849391849,0.0,9.184227879283965,5.746261957088812,0.0,0,0,0,1,1
3.1354942159291497,6,9.062800459462773,0.0,9.04300015012299,5.783051309311893,0.0,0,0,0,1,1
3.1354942159291497,6,9.204141196733362,0.0,9.184340581872016,5.863969304343376,0.0,0,0,0,1,1
3.1354942159291497,6,9.135845247965774,0.0,9.116044775347454,5.751412831386782,0.0,0,0,0,1,1
3.1354942159291497,6,9.13612100900335,0.0,9.116320535790935,5.825455076072569,0.0,0,0,0,1,1
3.1354942159291497,6,9.135940049399933,0.0,9.116139576577355,5.771651087692406,0.0,0,0,0,1,1
3.1354942159291497,6,9.135845247965774,0.0,9.116044775347454,5.835035422026982,0.0,0,0,0,1,1
3.1354942159291497,6,9.204141196733362,0.0,9.184340581872016,5.787622028242451,0.0,0,0,0,1,1
3.1354942159291497,6,9.135845247965774,0.0,9.116044775347454,6.279035825076944,0.0,0,0,0,1,1
3.1354942159291497,6,9.135940049399933,0.0,9.116139576577355,6.488814352964659,0.0,0,0,0,1,1
3.1354942159291497,6,9.204125097108886,0.0,9.18432448227994,6.4199994511004475,0.0,0,0,0,1,1
3.1354942159291497,6,4.570992734186505,0.0,4.551397039120758,9.521568239641905,0.0,0,0,0,1,1
3.1354942159291497,6,9.13599175548532,0.0,9.116191282551346,5.779904142146001,0.0,0,0,0,1,1
3.1354942159291497,6,9.135845247965774,0.0,9.116044775347454,5.76794617923619,0.0,0,0,0,1,1
3.1354942159291497,6,9.13612100900335,0.0,9.116320535790935,5.811581162405872,0.0,0,0,0,1,1
3.1354942159291497,6,9.135940049399933,0.0,9.116139576577355,5.8534599032009575,0.0,0,0,0,1,1
3.1354942159291497,6,9.204141196733362,0.0,9.184340581872016,5.751958271770921,0.0,0,0,0,1,1
3.1354942159291497,6,9.204125097108886,0.0,9.18432448227994,5.74310363645901,0.0,0,0,0,1,1
3.1354942159291497,6,9.13599175548532,0.0,9.116191282551346,5.729579982095727,0.0,0,0,0,1,1
3.1354942159291497,6,9.135845247965774,0.0,9.116044775347454,5.800690936888344,0.0,0,0,0,1,1
3.1354942159291497,6,9.13612100900335,0.0,9.116320535790935,5.800157012590695,0.0,0,0,0,1,1
3.1354942159291497,6,9.135940049399933,0.0,9.116139576577355,5.875360649101658,0.0,0,0,0,1,1
3.1354942159291497,6,9.204141196733362,0.0,9.184340581872016,5.835383848185106,0.0,0,0,0,1,1
3.1354942159291497,6,9.204125097108886,0.0,9.18432448227994,5.7927392381898475,0.0,0,0,0,1,1
3.1354942159291497,6,9.13599175548532,0.0,9.116191282551346,5.828644704923246,0.0,0,0,0,1,1
3.1354942159291497,6,9.135845247965774,0.0,9.116044775347454,5.775786129008517,0.0,0,0,0,1,1
3.1354942159291497,6,9.13612100900335,0.0,9.116320535790935,5.827914938866421,0.0,0,0,0,1,1
3.1354942159291497,6,9.135935740438802,0.0,9.116135267625507,5.8693175812517,0.0,0,0,0,1,1
3.1354942159291497,6,9.204141196733362,0.0,9.184340581872016,5.813320622693022,0.0,0,0,0,1,1
3.1354942159291497,6,9.13599175548532,0.0,9.116191282551346,5.740778115042736,0.0,0,0,0,1,1
3.1354942159291497,6,9.135845247965774,0.0,9.116044775347454,5.751109680350153,0.0,0,0,0,1,1
3.1354942159291497,6,9.13612100900335,0.0,9.116320535790935,5.836804170146463,0.0,0,0,0,1,1
3.1354942159291497,6,9.204092897082317,0.0,9.184292282318175,5.745820087434973,0.0,0,0,0,1,1
3.1354942159291497,6,9.13599175548532,0.0,9.116191282551346,5.736972194670689,0.0,0,0,0,1,1
3.1354942159291497,6,9.135940049399933,0.0,9.116139576577355,5.824413082444824,0.0,0,0,0,1,1
3.1354942159291497,6,9.204125097108886,0.0,9.18432448227994,5.766066162934725,0.0,0,0,0,1,1
3.1354942159291497,6,9.13599175548532,0.0,9.116191282551346,5.741206907118524,0.0,0,0,0,1,1
3.1354942159291497,6,9.135845247965774,0.0,9.116044775347454,5.780257588987989,0.0,0,0,0,1,1
3.1354942159291497,6,9.135845247965774,0.0,9.116044775347454,5.7567031520232,0.0,0,0,0,1,1
3.1354942159291497,6,9.13612100900335,0.0,9.116320535790935,5.856302339343044,0.0,0,0,0,1,1
3.1354942159291497,6,9.135940049399933,0.0,9.116139576577355,5.827718372363645,0.0,0,0,0,1,1
3.1354942159291497,6,9.204125097108886,0.0,9.18432448227994,5.79252108878447,0.0,0,0,0,1,1
3.1354942159291497,6,9.135698718978631,0.0,9.115898246676057,5.7127882786649735,0.0,0,0,0,1,1
3.1354942159291497,6,9.204141196733362,0.0,9.184340581872016,5.760885325180438,0.0,0,0,0,1,1
3.1354942159291497,6,9.135845247965774,0.0,9.116044775347454,5.819979531995588,0.0,0,0,0,1,1
3.1354942159291497,6,4.570992734186505,0.0,4.551397039120758,9.355563091111346,0.0,0,0,0,1,1
3.1354942159291497,6,9.13612100900335,0.0,9.116320535790935,5.879289154632947,0.0,0,0,0,1,1
3.1354942159291497,6,9.135940049399933,0.0,9.116139576577355,5.836790255208657,0.0,0,0,0,1,1
3.1354942159291497,6,9.204076796680209,0.0,9.18427618194847,5.759352889423782,0.0,0,0,0,1,1
3.1354942159291497,6,9.13599175548532,0.0,9.116191282551346,5.828265854404159,0.0,0,0,0,1,1
3.1354942159291497,6,9.135845247965774,0.0,9.116044775347454,5.821351231352437,0.0,0,0,0,1,1
3.1354942159291497,6,9.13612100900335,0.0,9.116320535790935,5.875842520602195,0.0,0,0,0,1,1
3.1354942159291497,6,9.135664238449351,0.0,9.115863766221084,5.739965969160338,0.0,0,0,0,1,1
3.1354942159291497,6,9.13597452042058,0.0,9.116174047523737,5.834672929994491,0.0,0,0,0,1,1
3.1354942159291497,6,9.135845247965774,0.0,9.116044775347454,5.810995909744051,0.0,0,0,0,1,1
3.1354942159291497,6,9.204004341662667,0.0,9.184203727076753,5.844966607974014,0.0,0,0,0,1,1
3.1354942159291497,6,9.13599175548532,0.0,9.116191282551346,5.804995194155865,0.0,0,0,0,1,1
3.1354942159291497,6,9.062642825821573,0.0,9.042842516847207,5.640384578799879,0.0,0,0,0,1,1
3.1354942159291497,6,9.135845247965774,0.0,9.116044775347454,5.773831896358549,0.0,0,0,0,1,1
3.1354942159291497,6,9.204092897082317,0.0,9.184292282318175,5.699212774151658,0.0,0,0,0,1,1
3.1354942159291497,6,9.135922813444004,0.0,9.116122340658562,5.7501541534563225,0.0,0,0,0,1,1
3.1354942159291497,6,9.13599175548532,0.0,9.116191282551346,5.772808843710358,0.0,0,0,0,1,1
3.1354942159291497,6,9.135776295822843,0.0,9.115975823353098,5.654593133383562,0.0,0,0,0,1,1
3.1354942159291497,6,9.13599175548532,0.0,9.116191282551346,5.7470233430985305,0.0,0,0,0,1,1
3.1354942159291497,6,9.135845247965774,0.0,9.116044775347454,5.814971734293305,0.0,0,0,0,1,1
3.1354942159291497,6,9.13612100900335,0.0,9.116320535790935,5.7788577965369194,0.0,0,0,0,1,1
3.1354942159291497,6,9.135940049399933,0.0,9.116139576577355,5.769361318461229,0.0,0,0,0,1,1
3.1354942159291497,6,9.204141196733362,0.0,9.184340581872016,5.816620124217247,0.0,0,0,0,1,1
3.1354942159291497,6,9.13597452042058,0.0,9.116174047523737,5.838875335111009,0.0,0,0,0,1,1
3.1354942159291497,6,9.204141196733362,0.0,9.184340581872016,5.729812301738763,0.0,0,0,0,1,1
3.1354942159291497,6,9.135845247965774,0.0,9.116044775347454,5.803226789010314,0.0,0,0,0,1,1
3.1354942159291497,6,9.13612100900335,0.0,9.116320535790935,5.822636374991829,0.0,0,0,0,1,1
3.1354942159291497,6,9.135940049399933,0.0,9.116139576577355,5.794395620286497,0.0,0,0,0,1,1
3.1354942159291497,6,9.204141196733362,0.0,9.184340581872016,5.760314692177759,0.0,0,0,0,1,1
3.1354942159291497,6,9.135845247965774,0.0,9.116044775347454,5.821407755899525,0.0,0,0,0,1,1
3.1354942159291497,6,9.13612100900335,0.0,9.116320535790935,5.787037204818941,0.0,0,0,0,1,1
3.1354942159291497,6,9.204092897082317,0.0,9.184292282318175,5.753365950643936,0.0,0,0,0,1,1
3.1354942159291497,6,9.062800459462773,0.0,9.04300015012299,5.8472963833372615,0.0,0,0,0,1,1
3.1354942159291497,6,9.204141196733362,0.0,9.184340581872016,5.735356442187296,0.0,0,0,0,1,1
3.1354942159291497,6,9.135845247965774,0.0,9.116044775347454,5.818081506771997,0.0,0,0,0,1,1
3.1354942159291497,6,9.136069309600897,0.0,9.11626883649985,5.891536361778627,0.0,0,0,0,1,1
3.1354942159291497,6,9.204141196733362,0.0,9.184340581872016,5.730354171105178,0.0,0,0,0,1,1
3.1354942159291497,6,4.5821062463895395,0.0,4.562508264545829,9.438296662449025,0.0,0,0,0,1,1
3.1354942159291497,6,9.135845247965774,0.0,9.116044775347454,5.817173714500479,0.0,0,0,0,1,1
3.1354942159291497,6,9.13612100900335,0.0,9.116320535790935,5.783946587970592,0.0,0,0,0,1,1
3.1354942159291497,6,9.204092897082317,0.0,9.184292282318175,5.755300166319634,0.0,0,0,0,1,1
3.1354942159291497,6,9.13599175548532,0.0,9.116191282551346,5.772690161172785,0.0,0,0,0,1,1
3.1354942159291497,6,9.135845247965774,0.0,9.116044775347454,5.9277968625024995,0.0,0,0,0,1,1
3.1354942159291497,6,9.136069309600897,0.0,9.11626883649985,5.7352024247543865,0.0,0,0,0,1,1
3.1354942159291497,6,9.204141196733362,0.0,9.184340581872016,5.803730312134776,0.0,0,0,0,1,1
3.1354942159291497,6,9.13599175548532,0.0,9.116191282551346,5.811081577872809,0.0,0,0,0,1,1
3.1354942159291497,6,9.135845247965774,0.0,9.116044775347454,5.7822580981608915,0.0,0,0,0,1,1
3.1354942159291497,6,9.135845247965774,0.0,9.116044775347454,5.822579919851193,0.0,0,0,0,1,1
3.1354942159291497,6,9.13612100900335,0.0,9.116320535790935,5.842977182085583,0.0,0,0,0,1,1
3.1354942159291497,6,9.135940049399933,0.0,9.116139576577355,5.738769534671751,0.0,0,0,0,1,1
3.1354942159291497,6,9.204141196733362,0.0,9.184340581872016,5.7978737982022,0.0,0,0,0,1,1
3.1354942159291497,6,9.135845247965774,0.0,9.116044775347454,5.826763070781204,0.0,0,0,0,1,1
3.1354942159291497,6,9.136215784299809,0.0,9.11641531088325,5.794758495459713,0.0,0,0,0,1,1
3.1354942159291497,6,9.204141196733362,0.0,9.184340581872016,5.75032105729069,0.0,0,0,0,1,1
3.1354942159291497,6,9.135845247965774,0.0,9.116044775347454,5.798669179649995,0.0,0,0,0,1,1
3.1354942159291497,6,9.136069309600897,0.0,9.11626883649985,5.819300056387794,0.0,0,0,0,1,1
3.1354942159291497,6,9.135845247965774,0.0,9.116044775347454,5.868899933416432,0.0,0,0,0,1,1
3.1354942159291497,6,9.204141196733362,0.0,9.184340581872016,5.836678928735131,0.0,0,0,0,1,1
3.1354942159291497,6,9.204125097108886,0.0,9.18432448227994,5.728029803647506,0.0,0,0,0,1,1
3.1354942159291497,6,9.062800459462773,0.0,9.04300015012299,5.776481033308774,0.0,0,0,0,1,1
3.1354942159291497,6,9.204141196733362,0.0,9.184340581872016,5.804995194155865,0.0,0,0,0,1,1
3.1354942159291497,6,9.13597452042058,0.0,9.116174047523737,5.818931814238838,0.0,0,0,0,1,1
3.1354942159291497,6,9.135664238449351,0.0,9.115863766221084,5.878582094011684,0.0,0,0,0,1,1
3.1354942159291497,6,9.136052075872767,0.0,9.116251602808846,5.764586523733977,0.0,0,0,0,1,1
3.1354942159291497,6,9.204141196733362,0.0,9.184340581872016,5.869088570167651,0.0,0,0,0,1,1
3.1354942159291497,6,9.062540814340556,0.0,9.042740505602698,5.79355324241859,0.0,0,0,0,1,1
3.1354942159291497,6,9.204141196733362,0.0,9.184340581872016,5.806516680810874,0.0,0,0,0,1,1
3.1354942159291497,6,9.13599175548532,0.0,9.116191282551346,5.707829855630704,0.0,0,0,0,1,1
3.1354942159291497,6,9.135845247965774,0.0,9.116044775347454,5.787724337187046,0.0,0,0,0,1,1
3.1354942159291497,6,9.13612100900335,0.0,9.116320535790935,5.769391089352549,0.0,0,0,0,1,1
3.1354942159291497,6,9.135940049399933,0.0,9.116139576577355,5.82667873563436,0.0,0,0,0,1,1
3.1354942159291497,6,9.204141196733362,0.0,9.184340581872016,5.739321913083558,0.0,0,0,0,1,1
3.1354942159291497,6,4.5821062463895395,0.0,4.562508264545829,9.38999257739025,0.0,0,0,0,1,1
3.1354942159291497,6,9.13612100900335,0.0,9.116320535790935,5.810853113218483,0.0,0,0,0,1,1
3.1354942159291497,6,9.204092897082317,0.0,9.184292282318175,5.690617428610893,0.0,0,0,0,1,1
3.1354942159291497,6,9.135940049399933,0.0,9.116139576577355,5.803514547554429,0.0,0,0,0,1,1
3.1354942159291497,6,9.204125097108886,0.0,9.18432448227994,5.741803846991125,0.0,0,0,0,1,1
3.1354942159291497,6,9.13599175548532,0.0,9.116191282551346,5.751609830290372,0.0,0,0,0,1,1
3.1354942159291497,6,9.135845247965774,0.0,9.116044775347454,5.803543318855091,0.0,0,0,0,1,1
3.1354942159291497,6,9.135845247965774,0.0,9.116044775347454,5.809981612571087,0.0,0,0,0,1,1
3.1354942159291497,6,9.13612100900335,0.0,9.116320535790935,5.80360085897317,0.0,0,0,0,1,1
3.1354942159291497,6,9.204141196733362,0.0,9.184340581872016,5.791080107938926,0.0,0,0,0,1,1
3.1354942159291497,6,9.13612100900335,0.0,9.116320535790935,5.832551112200328,0.0,0,0,0,1,1
3.1354942159291497,6,9.13587110379368,0.0,9.11607063111965,5.824863807530507,0.0,0,0,0,1,1
3.1354942159291497,6,9.204141196733362,0.0,9.184340581872016,5.819271734882426,0.0,0,0,0,1,1
3.1354942159291497,6,9.062800459462773,0.0,9.04300015012299,5.8417456244205965,0.0,0,0,0,1,1
3.1354942159291497,6,9.204004341662667,0.0,9.184203727076753,5.745560969591862,0.0,0,0,0,1,1
3.1354942159291497,6,9.13612100900335,0.0,9.116320535790935,5.772942344730664,0.0,0,0,0,1,1
3.1354942159291497,6,9.135940049399933,0.0,9.116139576577355,5.778769322773686,0.0,0,0,0,1,1
3.1354942159291497,6,9.204141196733362,0.0,9.184340581872016,5.7477080952083295,0.0,0,0,0,1,1
3.1354942159291497,6,9.135845247965774,0.0,9.116044775347454,5.767409392283914,0.0,0,0,0,1,1
3.1354942159291497,6,9.13612100900335,0.0,9.116320535790935,5.823652022894183,0.0,0,0,0,1,1
3.1354942159291497,6,9.135940049399933,0.0,9.116139576577355,5.7386620923165275,0.0,0,0,0,1,1
3.1354942159291497,6,9.204141196733362,0.0,9.184340581872016,5.846166637660269,0.0,0,0,0,1,1
3.1354942159291497,6,9.204125097108886,0.0,9.18432448227994,5.733491236340589,0.0,0,0,0,1,1
3.1354942159291497,6,9.13599175548532,0.0,9.116191282551346,5.717581156162553,0.0,0,0,0,1,1
3.1354942159291497,6,9.13597452042058,0.0,9.116174047523737,5.8251031726277285,0.0,0,0,0,1,1
3.1354942159291497,6,9.135940049399933,0.0,9.116139576577355,5.828700818721325,0.0,0,0,0,1,1
3.1354942159291497,6,9.204261935655712,0.0,9.184461320551403,5.771502560447887,0.0,0,0,0,1,1
3.1354942159291497,6,9.204141196733362,0.0,9.184340581872016,5.763628822839953,0.0,0,0,0,1,1
3.1354942159291497,6,9.13599175548532,0.0,9.116191282551346,5.7458962857891525,0.0,0,0,0,1,1
3.1354942159291497,6,9.135845247965774,0.0,9.116044775347454,5.770016073420919,0.0,0,0,0,1,1
3.1354942159291497,6,9.136069309600897,0.0,9.11626883649985,5.746520893380709,0.0,0,0,0,1,1
3.1354942159291497,6,9.14523849218192,0.0,9.125437999418965,5.759833906433833,0.0,0,0,0,1,1
3.1354942159291497,6,9.195287646016554,0.0,9.17548704905149,5.710454250405719,0.0,0,0,0,1,1
3.1354942159291497,6,9.135845247965774,0.0,9.116044775347454,5.738969039852911,0.0,0,0,0,1,1
3.1354942159291497,6,9.135845247965774,0.0,9.116044775347454,5.7837852035032515,0.0,0,0,0,1,1
3.1354942159291497,6,9.13612100900335,0.0,9.116320535790935,5.806244131730873,0.0,0,0,0,1,1
3.1354942159291497,6,4.5821062463895395,0.0,4.562508264545829,9.40681919374058,0.0,0,0,0,1,1
3.1354942159291497,6,9.135845247965774,0.0,9.116044775347454,5.8963332453469945,0.0,0,0,0,1,1
3.1354942159291497,6,9.204092897082317,0.0,9.184292282318175,5.7468558879083265,0.0,0,0,0,1,1
3.1354942159291497,6,9.135845247965774,0.0,9.116044775347454,5.728231462790405,0.0,0,0,0,1,1
3.1354942159291497,6,9.135845247965774,0.0,9.116044775347454,5.825159485501349,0.0,0,0,0,1,1
3.1354942159291497,6,9.135922813444004,0.0,9.116122340658562,5.770685266039985,0.0,0,0,0,1,1
3.1354942159291497,6,9.136069309600897,0.0,9.11626883649985,5.742109831834241,0.0,0,0,0,1,1
3.1354942159291497,6,9.204141196733362,0.0,9.184340581872016,5.8149859561686,0.0,0,0,0,1,1
3.1354942159291497,6,9.135940049399933,0.0,9.116139576577355,5.761350600525748,0.0,0,0,0,1,1
3.1354942159291497,6,9.204125097108886,0.0,9.18432448227994,5.753365950643936,0.0,0,0,0,1,1
3.1354942159291497,6,9.13599175548532,0.0,9.116191282551346,5.758555695686274,0.0,0,0,0,1,1
3.1354942159291497,6,9.13597452042058,0.0,9.116174047523737,5.7914878687083995,0.0,0,0,0,1,1
3.1354942159291497,6,9.135940049399933,0.0,9.116139576577355,5.844690535384428,0.0,0,0,0,1,1
3.1354942159291497,6,9.204141196733362,0.0,9.184340581872016,5.713701481696022,0.0,0,0,0,1,1
3.1354942159291497,6,9.135845247965774,0.0,9.116044775347454,5.814018407601239,0.0,0,0,0,1,1
3.1354942159291497,6,9.13612100900335,0.0,9.116320535790935,5.7916043412527385,0.0,0,0,0,1,1
3.1354942159291497,6,9.135940049399933,0.0,9.116139576577355,5.832187718341929,0.0,0,0,0,1,1
3.1354942159291497,6,9.204141196733362,0.0,9.184340581872016,5.687100315428294,0.0,0,0,0,1,1
3.1354942159291497,6,9.135845247965774,0.0,9.116044775347454,5.87296122322905,0.0,0,0,0,1,1
3.1354942159291497,6,9.135940049399933,0.0,9.116139576577355,5.716765632502387,0.0,0,0,0,1,1
3.1354942159291497,6,9.204125097108886,0.0,9.18432448227994,5.693736968172089,0.0,0,0,0,1,1
3.1354942159291497,6,9.13599175548532,0.0,9.116191282551346,5.759292746025544,0.0,0,0,0,1,1
3.1354942159291497,6,9.135845247965774,0.0,9.116044775347454,5.776466253137629,0.0,0,0,0,1,1
3.1354942159291497,6,9.13612100900335,0.0,9.116320535790935,5.800748641362374,0.0,0,0,0,1,1
3.1354942159291497,6,9.204092897082317,0.0,9.184292282318175,5.747099449825234,0.0,0,0,0,1,1
3.1354942159291497,6,9.13599175548532,0.0,9.116191282551346,5.7973094168589645,0.0,0,0,0,1,1
3.1354942159291497,6,9.135845247965774,0.0,9.116044775347454,5.73852393518095,0.0,0,0,0,1,1
3.1354942159291497,6,9.135845247965774,0.0,9.116044775347454,5.813833328441102,0.0,0,0,0,1,1
3.1354942159291497,6,9.136069309600897,0.0,9.11626883649985,5.782449113911409,0.0,0,0,0,1,1
3.1354942159291497,6,9.135940049399933,0.0,9.116139576577355,5.784811751362292,0.0,0,0,0,1,1
3.1354942159291497,6,9.204141196733362,0.0,9.184340581872016,5.703451100584701,0.0,0,0,0,1,1
3.1354942159291497,6,9.135845247965774,0.0,9.116044775347454,5.886981069496447,0.0,0,0,0,1,1
3.1354942159291497,6,9.13612100900335,0.0,9.116320535790935,5.815909944480571,0.0,0,0,0,1,1
3.1354942159291497,6,9.135845247965774,0.0,9.116044775347454,5.7914150664786765,0.0,0,0,0,1,1
3.1354942159291497,6,4.570992734186505,0.0,4.551397039120758,9.359544546918345,0.0,0,0,0,1,1
3.1354942159291497,6,9.204092897082317,0.0,9.184292282318175,5.756205543663419,0.0,0,0,0,1,1
3.1354942159291497,6,9.135845247965774,0.0,9.116044775347454,5.811381358541814,0.0,0,0,0,1,1
3.1354942159291497,6,9.135922813444004,0.0,9.116122340658562,5.807992892254041,0.0,0,0,0,1,1
3.1354942159291497,6,9.13612100900335,0.0,9.116320535790935,5.823370001933734,0.0,0,0,0,1,1
3.1354942159291497,6,9.135845247965774,0.0,9.116044775347454,5.8690750972940045,0.0,0,0,0,1,1
3.1354942159291497,6,9.204092897082317,0.0,9.184292282318175,5.725839961051185,0.0,0,0,0,1,1
3.1354942159291497,6,9.13599175548532,0.0,9.116191282551346,5.798495695828186,0.0,0,0,0,1,1
3.1354942159291497,6,9.135845247965774,0.0,9.116044775347454,5.793989043702615,0.0,0,0,0,1,1
3.1354942159291497,6,9.13612100900335,0.0,9.116320535790935,5.841676390768748,0.0,0,0,0,1,1
3.1354942159291497,6,9.20422974003512,0.0,9.184429124995594,5.742293377809363,0.0,0,0,0,1,1
3.1354942159291497,6,9.204125097108886,0.0,9.18432448227994,5.784137281495824,0.0,0,0,0,1,1
3.1354942159291497,6,9.13599175548532,0.0,9.116191282551346,5.704388751404595,0.0,0,0,0,1,1
3.1354942159291497,6,9.135845247965774,0.0,9.116044775347454,5.874731189419441,0.0,0,0,0,1,1
3.1354942159291497,6,9.13612100900335,0.0,9.116320535790935,5.819724782743558,0.0,0,0,0,1,1
3.1354942159291497,6,9.204092897082317,0.0,9.184292282318175,5.733444947341374,0.0,0,0,0,1,1
3.1354942159291497,6,9.135845247965774,0.0,9.116044775347454,5.834505581650691,0.0,0,0,0,1,1
3.1354942159291497,6,9.13599175548532,0.0,9.116191282551346,5.707750700645214,0.0,0,0,0,1,1
3.1354942159291497,6,9.135845247965774,0.0,9.116044775347454,5.815526237608537,0.0,0,0,0,1,1
3.1354942159291497,6,9.13612100900335,0.0,9.116320535790935,5.770343290206885,0.0,0,0,0,1,1
3.1354942159291497,6,9.135940049399933,0.0,9.116139576577355,5.838500341435674,0.0,0,0,0,1,1
3.1354942159291497,6,9.204076796680209,0.0,9.18427618194847,5.7837852035032515,0.0,0,0,0,1,1
3.1354942159291497,6,9.13599175548532,0.0,9.116191282551346,5.817003411667343,0.0,0,0,0,1,1
3.1354942159291497,6,9.135940049399933,0.0,9.116139576577355,5.81576784799054,0.0,0,0,0,1,1
3.1354942159291497,6,9.13597452042058,0.0,9.116174047523737,5.75594910329494,0.0,0,0,0,1,1
3.1354942159291497,6,9.204141196733362,0.0,9.184340581872016,5.742767382374725,0.0,0,0,0,1,1
3.1354942159291497,6,9.135845247965774,0.0,9.116044775347454,5.755194485548101,0.0,0,0,0,1,1
3.1354942159291497,6,9.13612100900335,0.0,9.116320535790935,5.837555289399487,0.0,0,0,0,1,1
3.1354942159291497,6,9.135940049399933,0.0,9.116139576577355,6.002308835924024,0.0,0,0,0,1,1
3.1354942159291497,6,9.13582801037576,0.0,9.116027537794583,5.803126053954007,0.0,0,0,0,1,1
3.1354942159291497,6,9.204092897082317,0.0,9.184292282318175,5.806430620705112,0.0,0,0,0,1,1
3.1354942159291497,6,9.13599175548532,0.0,9.116191282551346,5.902202680180729,0.0,0,0,0,1,1
3.1354942159291497,6,9.135940049399933,0.0,9.116139576577355,5.855701728191148,0.0,0,0,0,1,1
3.1354942159291497,6,9.13597452042058,0.0,9.116174047523737,5.796947466339474,0.0,0,0,0,1,1
3.1354942159291497,6,9.204141196733362,0.0,9.184340581872016,5.7332906352006425,0.0,0,0,0,1,1
3.1354942159291497,6,9.135845247965774,0.0,9.116044775347454,5.838180791426941,0.0,0,0,0,1,1
3.1354942159291497,6,9.136043458897324,0.0,9.116242985851967,5.788600841897798,0.0,0,0,0,1,1
3.1354942159291497,6,9.20416534568409,0.0,9.18436473077415,5.851624429947213,0.0,0,0,0,1,1
3.1354942159291497,6,4.570992734186505,0.0,4.551397039120758,9.454500501022297,0.0,0,0,0,1,1
3.1354942159291497,6,9.062800459462773,0.0,9.04300015012299,5.802218981515881,0.0,0,0,0,1,1
3.1354942159291497,6,9.204141196733362,0.0,9.184340581872016,5.918761315523982,0.0,0,0,0,1,1
3.1354942159291497,6,9.204125097108886,0.0,9.18432448227994,5.739797327896223,0.0,0,0,0,1,1
3.1354942159291497,6,9.13599175548532,0.0,9.116191282551346,5.743775805617127,0.0,0,0,0,1,1
3.1354942159291497,6,9.135845247965774,0.0,9.116044775347454,5.834142897469553,0.0,0,0,0,1,1
3.1354942159291497,6,9.13612100900335,0.0,9.116320535790935,5.849098576896455,0.0,0,0,0,1,1
3.1354942159291497,6,9.135940049399933,0.0,9.116139576577355,5.837888939169353,0.0,0,0,0,1,1
3.1354942159291497,6,9.204141196733362,0.0,9.184340581872016,5.802924553393626,0.0,0,0,0,1,1
3.1354942159291497,6,9.13597452042058,0.0,9.116174047523737,5.875253535005313,0.0,0,0,0,1,1
3.1354942159291497,6,9.204141196733362,0.0,9.184340581872016,5.7304315570510544,0.0,0,0,0,1,1
3.1354942159291497,6,9.135845247965774,0.0,9.116044775347454,5.805856697315659,0.0,0,0,0,1,1
3.1354942159291497,6,9.136069309600897,0.0,9.11626883649985,5.734000273965808,0.0,0,0,0,1,1
3.1354942159291497,6,9.204141196733362,0.0,9.184340581872016,5.829079504520978,0.0,0,0,0,1,1
3.1354942159291497,6,9.13599175548532,0.0,9.116191282551346,6.133305029566336,0.0,0,0,0,1,1
3.1354942159291497,6,9.135845247965774,0.0,9.116044775347454,6.352531285999876,0.0,0,0,0,1,1
3.1354942159291497,6,9.135845247965774,0.0,9.116044775347454,5.861908809547365,0.0,0,0,0,1,1
3.1354942159291497,6,9.13612100900335,0.0,9.116320535790935,5.778607100541591,0.0,0,0,0,1,1
3.1354942159291497,6,9.20402849391849,0.0,9.184227879283965,5.7318080258226844,0.0,0,0,0,1,1
3.1354942159291497,6,9.135940049399933,0.0,9.116139576577355,5.7435161574534686,0.0,0,0,0,1,1
3.1354942159291497,6,9.13599175548532,0.0,9.116191282551346,5.851117026058012,0.0,0,0,0,1,1
3.1354942159291497,6,9.062642825821573,0.0,9.042842516847207,5.800835191830514,0.0,0,0,0,1,1
3.1354942159291497,6,9.204141196733362,0.0,9.184340581872016,5.803787841494555,0.0,0,0,0,1,1
3.1354942159291497,6,9.204125097108886,0.0,9.18432448227994,5.751079360191347,0.0,0,0,0,1,1
3.1354942159291497,6,9.13599175548532,0.0,9.116191282551346,5.802852579066756,0.0,0,0,0,1,1
3.1354942159291497,6,9.135922813444004,0.0,9.116122340658562,5.824976457066407,0.0,0,0,0,1,1
3.1354942159291497,6,9.135845247965774,0.0,9.116044775347454,5.834840250337508,0.0,0,0,0,1,1
3.1354942159291497,6,9.135940049399933,0.0,9.116139576577355,5.789082592218464,0.0,0,0,0,1,1
3.1354942159291497,6,9.13597452042058,0.0,9.116174047523737,5.862017362553916,0.0,0,0,0,1,1
3.1354942159291497,6,9.204141196733362,0.0,9.184340581872016,5.865593017066438,0.0,0,0,0,1,1
3.1354942159291497,6,9.13599175548532,0.0,9.116191282551346,5.839111370117662,0.0,0,0,0,1,1
3.1354942159291497,6,9.135845247965774,0.0,9.116044775347454,5.810496032669122,0.0,0,0,0,1,1
3.1354942159291497,6,9.13612100900335,0.0,9.116320535790935,5.86717360261709,0.0,0,0,0,1,1
3.1354942159291497,6,9.135940049399933,0.0,9.116139576577355,5.868630390601244,0.0,0,0,0,1,1
3.1354942159291497,6,9.204141196733362,0.0,9.184340581872016,5.817315611376333,0.0,0,0,0,1,1
3.1354942159291497,6,9.204125097108886,0.0,9.18432448227994,5.791225755872893,0.0,0,0,0,1,1
3.1354942159291497,6,9.13599175548532,0.0,9.116191282551346,5.8110530226453285,0.0,0,0,0,1,1
3.1354942159291497,6,4.58822746525778,0.0,4.568628234687614,9.500717843455638,0.0,0,0,0,1,1
3.1354942159291497,6,9.135922813444004,0.0,9.116122340658562,5.772615977433349,0.0,0,0,0,1,1
3.1354942159291497,6,9.135845247965774,0.0,9.116044775347454,5.904246919380138,0.0,0,0,0,1,1
3.1354942159291497,6,9.13612100900335,0.0,9.116320535790935,5.8415102104450325,0.0,0,0,0,1,1
3.1354942159291497,6,9.135940049399933,0.0,9.116139576577355,5.87671197868734,0.0,0,0,0,1,1
3.1354942159291497,6,9.204125097108886,0.0,9.18432448227994,5.836678928735131,0.0,0,0,0,1,1
3.1354942159291497,6,9.135845247965774,0.0,9.116044775347454,5.857897666270055,0.0,0,0,0,1,1
3.1354942159291497,6,9.204141196733362,0.0,9.184340581872016,5.790409854079732,0.0,0,0,0,1,1
3.1354942159291497,6,9.135845247965774,0.0,9.116044775347454,5.740119254725122,0.0,0,0,0,1,1
3.1354942159291497,6,9.135845247965774,0.0,9.116044775347454,5.709253575011826,0.0,0,0,0,1,1
3.1354942159291497,6,9.13599175548532,0.0,9.116191282551346,5.756431759977924,0.0,0,0,0,1,1
3.1354942159291497,6,9.135845247965774,0.0,9.116044775347454,6.299384322202286,0.0,0,0,0,1,1
3.1354942159291497,6,9.136069309600897,0.0,9.11626883649985,5.69862180681628,0.0,0,0,0,1,1
3.1354942159291497,6,9.204141196733362,0.0,9.184340581872016,5.7646762611866595,0.0,0,0,0,1,1
3.1354942159291497,6,9.062800459462773,0.0,9.04300015012299,5.883056153062197,0.0,0,0,0,1,1
3.1354942159291497,6,9.204141196733362,0.0,9.184340581872016,5.772423073951765,0.0,0,0,0,1,1
3.1354942159291497,6,9.204125097108886,0.0,9.18432448227994,5.7568689664663175,0.0,0,0,0,1,1
3.1354942159291497,6,9.13599175548532,0.0,9.116191282551346,5.704706399716054,0.0,0,0,0,1,1
3.1354942159291497,6,9.135845247965774,0.0,9.116044775347454,5.8739672701220265,0.0,0,0,0,1,1
3.1354942159291497,6,9.136069309600897,0.0,9.11626883649985,5.696702749334785,0.0,0,0,0,1,1
3.1354942159291497,6,9.204141196733362,0.0,9.184340581872016,5.810938793580702,0.0,0,0,0,1,1
3.1354942159291497,6,9.135845247965774,0.0,9.116044775347454,5.819993682829142,0.0,0,0,0,1,1
3.1354942159291497,6,9.13599175548532,0.0,9.116191282551346,5.772274661332497,0.0,0,0,0,1,1
3.1354942159291497,6,9.135845247965774,0.0,9.116044775347454,5.821619694499977,0.0,0,0,0,1,1
3.1354942159291497,6,9.13612100900335,0.0,9.116320535790935,5.815369870366548,0.0,0,0,0,1,1
3.1354942159291497,6,9.204092897082317,0.0,9.184292282318175,5.840914504072679,0.0,0,0,0,1,1
3.1354942159291497,6,9.13599175548532,0.0,9.116191282551346,5.7518067903930366,0.0,0,0,0,1,1
3.1354942159291497,6,9.062726282021027,0.0,9.04292597285319,5.7839612579944015,0.0,0,0,0,1,1
3.1354942159291497,6,9.204004341662667,0.0,9.184203727076753,5.771680790494251,0.0,0,0,0,1,1
3.1354942159291497,6,9.13612100900335,0.0,9.116320535790935,5.852857581906638,0.0,0,0,0,1,1
3.1354942159291497,6,9.135940049399933,0.0,9.116139576577355,5.834212654643965,0.0,0,0,0,1,1
3.1354942159291497,6,9.204141196733362,0.0,9.184340581872016,5.744310163177381,0.0,0,0,0,1,1
3.1354942159291497,6,9.135940049399933,0.0,9.116139576577355,5.740487044243427,0.0,0,0,0,1,1
3.1354942159291497,6,9.13597452042058,0.0,9.116174047523737,5.784914348212959,0.0,0,0,0,1,1
3.1354942159291497,6,9.204141196733362,0.0,9.184340581872016,5.741727336148933,0.0,0,0,0,1,1
3.1354942159291497,6,9.135845247965774,0.0,9.116044775347454,5.79923279430608,0.0,0,0,0,1,1
3.1354942159291497,6,9.13612100900335,0.0,9.116320535790935,5.845256402188921,0.0,0,0,0,1,1
3.1354942159291497,6,9.135940049399933,0.0,9.116139576577355,5.842506878401056,0.0,0,0,0,1,1
3.1354942159291497,6,9.204004341662667,0.0,9.184203727076753,5.826355385000094,0.0,0,0,0,1,1
3.1354942159291497,6,4.5821062463895395,0.0,4.562508264545829,9.518201209785598,0.0,0,0,0,1,1
3.1354942159291497,6,9.135940049399933,0.0,9.116139576577355,6.053532720941006,0.0,0,0,0,1,1
3.1354942159291497,6,9.13597452042058,0.0,9.116174047523737,6.422682898093764,0.0,0,0,0,1,1
3.1354942159291497,6,9.204092897082317,0.0,9.184292282318175,6.535628357407375,0.0,0,0,0,1,1
3.1354942159291497,6,9.13599175548532,0.0,9.116191282551346,6.5125342129408,0.0,0,0,0,1,1
3.1354942159291497,6,9.135922813444004,0.0,9.116122340658562,6.54702633706087,0.0,0,0,0,1,1
3.1354942159291497,6,9.157576523169096,0.0,9.137776004232034,6.434080637582456,0.0,0,0,0,1,1
3.1354942159291497,6,9.183359643644408,0.0,9.163559071042126,6.369688983379055,0.0,0,0,0,1,1
3.1354942159291497,6,9.062800459462773,0.0,9.04300015012299,6.455864474085421,0.0,0,0,0,1,1
3.1354942159291497,6,9.204141196733362,0.0,9.184340581872016,6.6298689936927016,0.0,0,0,0,1,1
3.1354942159291497,6,9.135698718978631,0.0,9.115898246676057,6.293205886876231,0.0,0,0,0,1,1
3.1354942159291497,6,9.13612100900335,0.0,9.116320535790935,5.734185314331165,0.0,0,0,0,1,1
3.1354942159291497,6,9.204092897082317,0.0,9.184292282318175,5.6924999648849335,0.0,0,0,0,1,1
3.1354942159291497,6,9.13599175548532,0.0,9.116191282551346,5.758254702626033,0.0,0,0,0,1,1
3.1354942159291497,6,9.135845247965774,0.0,9.116044775347454,5.756205543663419,0.0,0,0,0,1,1
3.1354942159291497,6,9.13612100900335,0.0,9.116320535790935,5.770833914715584,0.0,0,0,0,1,1
3.1354942159291497,6,9.135793534304307,0.0,9.115993061797415,5.748422780490332,0.0,0,0,0,1,1
3.1354942159291497,6,9.204141196733362,0.0,9.184340581872016,5.999486484377875,0.0,0,0,0,1,1
3.1354942159291497,6,9.13599175548532,0.0,9.116191282551346,5.754076605189798,0.0,0,0,0,1,1
3.1354942159291497,6,9.135845247965774,0.0,9.116044775347454,5.833556745012764,0.0,0,0,0,1,1
3.1354942159291497,6,9.136069309600897,0.0,9.11626883649985,5.825286177873711,0.0,0,0,0,1,1
3.1354942159291497,6,9.204141196733362,0.0,9.184340581872016,5.714110578020044,0.0,0,0,0,1,1
3.1354942159291497,6,9.135845247965774,0.0,9.116044775347454,5.815170822143968,0.0,0,0,0,1,1
3.1354942159291497,6,9.13612100900335,0.0,9.116320535790935,5.820955470036843,0.0,0,0,0,1,1
3.1354942159291497,6,9.135845247965774,0.0,9.116044775347454,5.859109503503578,0.0,0,0,0,1,1
3.1354942159291497,6,9.135940049399933,0.0,9.116139576577355,5.807634788730245,0.0,0,0,0,1,1
3.1354942159291497,6,9.204141196733362,0.0,9.184340581872016,5.826889560167188,0.0,0,0,0,1,1
3.1354942159291497,6,9.135767676470675,0.0,9.115967204019501,5.841385557076802,0.0,0,0,0,1,1
3.1354942159291497,6,9.13619855309582,0.0,9.116398079716378,5.826622508251529,0.0,0,0,0,1,1
3.1354942159291497,6,9.135793534304307,0.0,9.115993061797415,5.785837246501401,0.0,0,0,0,1,1
3.1354942159291497,6,9.204141196733362,0.0,9.184340581872016,5.747388602573057,0.0,0,0,0,1,1
3.1354942159291497,6,9.135845247965774,0.0,9.116044775347454,5.846194207623629,0.0,0,0,0,1,1
3.1354942159291497,6,9.13612100900335,0.0,9.116320535790935,5.7940326133870865,0.0,0,0,0,1,1
3.1354942159291497,6,9.204092897082317,0.0,9.184292282318175,5.6884731385744605,0.0,0,0,0,1,1
3.1354942159291497,6,4.570992734186505,0.0,4.551397039120758,9.619483297745779,0.0,0,0,0,1,1
3.1354942159291497,6,9.13599175548532,0.0,9.116191282551346,5.984738064132482,0.0,0,0,0,1,1
3.1354942159291497,6,9.135845247965774,0.0,9.116044775347454,5.796947466339474,0.0,0,0,0,1,1
3.1354942159291497,6,9.13612100900335,0.0,9.116320535790935,5.8183083261347335,0.0,0,0,0,1,1
3.1354942159291497,6,9.204092897082317,0.0,9.184292282318175,5.742232199560815,0.0,0,0,0,1,1
3.1354942159291497,6,9.135845247965774,0.0,9.116044775347454,5.784723802825873,0.0,0,0,0,1,1
3.1354942159291497,6,9.135845247965774,0.0,9.116044775347454,5.832243633685398,0.0,0,0,0,1,1
3.1354942159291497,6,7.814690383132158,0.0,7.794895830999601,5.929776816999947,0.0,0,0,0,1,1
3.1354942159291497,6,6.639823544877793,0.0,6.620047062397751,5.943877922081806,0.0,0,0,0,1,1
3.1354942159291497,6,7.75455015575143,0.0,7.734756104159422,5.913207725098888,0.0,0,0,0,1,1
3.1354942159291497,6,5.082397660323147,0.0,5.062719125600186,5.799059408243222,0.0,0,0,0,1,1
3.1354942159291497,6,4.627420794922911,0.0,4.5969547130347,5.754123838255864,0.0,0,0,1,1,1
3.1354942159291497,6,4.51085950651685,0.0,4.491276635292316,9.584696040500997,0.0,0,0,0,1,1
3.1354942159291497,6,4.51393170555382,0.0,4.494348160304743,9.530376544554107,0.0,0,0,0,1,1
3.1354942159291497,6,4.517431271680085,0.0,4.497846961162416,9.249615477565198,0.0,0,0,0,1,1
3.1354942159291497,6,4.512177319138926,0.0,4.492594158539557,9.480794240235674,0.0,0,0,0,1,1
3.1354942159291497,6,4.51085950651685,0.0,4.491276635292316,9.61784988341453,0.0,0,0,0,1,1
3.1354942159291497,6,4.954981629905421,0.0,4.935319956869817,9.512071779799097,0.0,0,0,0,1,1
3.1354942159291497,6,4.530877581406236,0.0,4.511290355295596,9.4794012088803,0.0,0,0,0,1,1
3.1354942159291497,6,4.5077778399794415,0.0,4.488195646939638,9.614109909403627,0.0,0,0,0,1,1
3.1354942159291497,6,4.51085950651685,0.0,4.491276635292316,9.595559718699569,0.0,0,0,0,1,1
3.1354942159291497,6,4.523960130562548,0.0,4.50437439948238,9.33962433070706,0.0,0,0,0,1,1
3.1354942159291497,6,4.5148077459077,0.0,4.495224008838946,9.370062012885956,0.0,0,0,0,1,1
3.1354942159291497,6,4.518740457989704,0.0,4.499155861872846,9.495541024477546,0.0,0,0,0,1,1
3.1354942159291497,6,4.530446639792155,0.0,4.51085950651685,9.457664571174462,0.0,0,0,0,1,1
3.1354942159291497,6,4.510419849442281,0.0,4.490837074845678,9.50236677318157,0.0,0,0,0,1,1
3.1354942159291497,6,4.528721013824685,0.0,4.509134252692323,9.264566263872299,0.0,0,0,0,1,1
3.1354942159291497,6,4.51085950651685,0.0,4.491276635292316,9.615920777494148,0.0,0,0,0,1,1
3.1354942159291497,6,4.5134933974161875,0.0,4.493909948203076,14.053050229142473,0.0,0,0,0,1,1
3.1354942159291497,6,4.51085950651685,0.0,4.491276635292316,9.62060925245166,0.0,0,0,0,1,1
3.1354942159291497,6,4.51085950651685,0.0,4.491276635292316,9.61495053199738,0.0,0,0,0,1,1
4.394449154672439,6,5.651857401791282,0.0,5.6321249918177445,11.027502566094231,0.0,0,1,0,1,1
3.1354942159291497,6,4.504244267398131,0.0,4.48466285457028,12.747674890042227,0.0,0,0,0,1,1
3.1354942159291497,6,4.523960130562548,0.0,4.50437439948238,9.433288483050616,0.0,0,0,0,1,1
3.1354942159291497,6,4.509539954972841,0.0,4.489957373887253,9.325701839220642,0.0,0,0,0,1,1
3.1354942159291497,6,4.527857082885421,0.0,4.5082705083069445,9.30210898036267,0.0,0,0,0,1,1
3.1354942159291497,6,4.51085950651685,0.0,4.491276635292316,9.652617282412162,0.0,0,0,0,1,1
3.1354942159291497,6,4.5148077459077,0.0,4.495224008838946,9.461241721329909,0.0,0,0,0,1,1
3.1354942159291497,6,4.530015512387331,0.0,4.510428472027418,9.504042138323562,0.0,0,0,0,1,1
8.98744678941718,17,5.493061443340548,0.0,5.473341117184286,14.489298396774204,0.0,0,0,0,0,0
